id,intervention,date_completion,date_cutoff,publication_any,publication_article,publication_preprint,publication_summary,publication_interim_any,date_publication_any,date_publication_article,date_publication_preprint,date_publication_summary,date_publication_interim_any,time_publication_any,time_publication_article,time_publication_preprint,time_publication_summary,time_publication_interim_any
tri01658,Convalescent Plasma,2020-06-27,2021-08-15,TRUE,TRUE,FALSE,FALSE,TRUE,2020-12-02,2020-12-02,NA,NA,2020-12-02,158,158,414,414,158
tri04220,Convalescent Plasma,2020-12-13,2021-08-15,FALSE,FALSE,FALSE,FALSE,FALSE,NA,NA,NA,NA,NA,245,245,245,245,245
tri02335,Hydroxychloroquine,2020-12-01,2021-08-15,FALSE,FALSE,FALSE,FALSE,TRUE,NA,NA,NA,NA,2020-12-09,257,257,257,257,8
tri02335,Azithromycin,2020-12-01,2021-08-15,FALSE,FALSE,FALSE,FALSE,TRUE,NA,NA,NA,NA,2020-12-09,257,257,257,257,8
tri02268,Stem Cells (Mesenchymal),2020-08-25,2021-08-15,FALSE,FALSE,FALSE,FALSE,FALSE,NA,NA,NA,NA,NA,355,355,355,355,355
tri03558,Convalescent Plasma,2020-06-01,2021-08-15,TRUE,TRUE,TRUE,FALSE,TRUE,2020-06-29,2020-09-01,2020-06-29,NA,2020-06-29,28,92,28,440,28
tri03542,Ivermectin,2021-06-08,2021-08-15,FALSE,FALSE,FALSE,FALSE,FALSE,NA,NA,NA,NA,NA,68,68,68,68,68
tri01492,Hydroxychloroquine,2020-12-15,2021-08-15,FALSE,FALSE,FALSE,FALSE,FALSE,NA,NA,NA,NA,NA,243,243,243,243,243
tri03289,Hydroxychloroquine,2021-03-30,2021-08-15,FALSE,FALSE,FALSE,FALSE,FALSE,NA,NA,NA,NA,NA,138,138,138,138,138
tri07965,Ivermectin,2021-06-30,2021-08-15,FALSE,FALSE,FALSE,FALSE,FALSE,NA,NA,NA,NA,NA,46,46,46,46,46
tri08607,Convalescent Plasma,2021-01-10,2021-08-15,TRUE,FALSE,TRUE,FALSE,TRUE,2021-04-19,NA,2021-04-19,NA,2021-04-19,99,217,99,217,99
tri03264,Convalescent Plasma,2020-11-13,2021-08-15,FALSE,FALSE,FALSE,FALSE,FALSE,NA,NA,NA,NA,NA,275,275,275,275,275
tri03042,Azithromycin,2020-06-08,2021-08-15,FALSE,FALSE,FALSE,FALSE,FALSE,NA,NA,NA,NA,NA,433,433,433,433,433
tri01897,Hydroxychloroquine,2020-10-31,2021-08-15,FALSE,FALSE,FALSE,FALSE,FALSE,NA,NA,NA,NA,NA,288,288,288,288,288
tri05383,Azithromycin,2020-06-01,2021-08-15,FALSE,FALSE,FALSE,FALSE,FALSE,NA,NA,NA,NA,NA,440,440,440,440,440
tri02468,Hydroxychloroquine,2021-06-01,2021-08-15,FALSE,FALSE,FALSE,FALSE,FALSE,NA,NA,NA,NA,NA,75,75,75,75,75
tri01289,Stem Cells (Mesenchymal),2020-11-24,2021-08-15,FALSE,FALSE,FALSE,FALSE,FALSE,NA,NA,NA,NA,NA,264,264,264,264,264
tri00842,Hydroxychloroquine,2020-06-26,2021-08-15,FALSE,FALSE,FALSE,FALSE,FALSE,NA,NA,NA,NA,NA,415,415,415,415,415
tri01280,Hydroxychloroquine,2020-11-11,2021-08-15,TRUE,TRUE,TRUE,TRUE,TRUE,2020-09-30,2020-09-30,2021-02-26,2020-12-10,2020-09-30,-42,-42,107,29,-42
tri06416,Stem Cells (Mesenchymal),2021-04-30,2021-08-15,FALSE,FALSE,FALSE,FALSE,FALSE,NA,NA,NA,NA,NA,107,107,107,107,107
tri08148,Ivermectin,2021-02-19,2021-08-15,FALSE,FALSE,FALSE,FALSE,FALSE,NA,NA,NA,NA,NA,177,177,177,177,177
tri02381,Convalescent Plasma,2020-11-20,2021-08-15,FALSE,FALSE,FALSE,FALSE,FALSE,NA,NA,NA,NA,NA,268,268,268,268,268
tri02035,Azithromycin,2020-09-30,2021-08-15,FALSE,FALSE,FALSE,FALSE,FALSE,NA,NA,NA,NA,NA,319,319,319,319,319
tri05950,Hydroxychloroquine,2020-08-30,2021-08-15,FALSE,FALSE,FALSE,FALSE,FALSE,NA,NA,NA,NA,NA,350,350,350,350,350
tri05604,Hydroxychloroquine,2020-11-15,2021-08-15,FALSE,FALSE,FALSE,FALSE,FALSE,NA,NA,NA,NA,NA,273,273,273,273,273
tri02598,Convalescent Plasma,2020-07-10,2021-08-15,FALSE,FALSE,FALSE,FALSE,FALSE,NA,NA,NA,NA,NA,401,401,401,401,401
tri03202,Convalescent Plasma,2020-05-30,2021-08-15,TRUE,FALSE,TRUE,FALSE,TRUE,2020-10-27,NA,2020-10-27,NA,2020-10-27,150,442,150,442,150
tri02934,Hydroxychloroquine,2020-05-20,2021-08-15,TRUE,TRUE,TRUE,FALSE,TRUE,2020-07-17,2020-10-20,2020-07-17,NA,2020-07-17,58,153,58,452,58
tri00995,Convalescent Plasma,2020-10-01,2021-08-15,FALSE,FALSE,FALSE,FALSE,FALSE,NA,NA,NA,NA,NA,318,318,318,318,318
tri02592,Ivermectin,2020-09-10,2021-08-15,FALSE,FALSE,FALSE,FALSE,FALSE,NA,NA,NA,NA,NA,339,339,339,339,339
tri02592,Hydroxychloroquine,2020-09-10,2021-08-15,FALSE,FALSE,FALSE,FALSE,FALSE,NA,NA,NA,NA,NA,339,339,339,339,339
tri01559,Hydroxychloroquine,2020-05-24,2021-08-15,FALSE,FALSE,FALSE,FALSE,FALSE,NA,NA,NA,NA,NA,448,448,448,448,448
tri03634,Hydroxychloroquine,2020-08-31,2021-08-15,TRUE,TRUE,FALSE,FALSE,TRUE,2021-04-20,2021-04-20,NA,NA,2021-04-20,232,232,349,349,232
tri03634,Ivermectin,2020-08-31,2021-08-15,TRUE,TRUE,FALSE,FALSE,TRUE,2021-04-20,2021-04-20,NA,NA,2021-04-20,232,232,349,349,232
tri05526,Stem Cells (Mesenchymal),2020-08-01,2021-08-15,TRUE,TRUE,FALSE,FALSE,TRUE,2021-06-08,2021-06-08,NA,NA,2021-06-08,311,311,379,379,311
tri02189,Azithromycin,2020-05-20,2021-08-15,FALSE,FALSE,FALSE,FALSE,FALSE,NA,NA,NA,NA,NA,452,452,452,452,452
tri02189,Ivermectin,2020-05-20,2021-08-15,FALSE,FALSE,FALSE,FALSE,FALSE,NA,NA,NA,NA,NA,452,452,452,452,452
tri03499,Convalescent Plasma,2021-02-22,2021-08-15,TRUE,FALSE,TRUE,FALSE,TRUE,2021-05-10,NA,2021-05-10,NA,2021-05-10,77,174,77,174,77
tri00143,Convalescent Plasma,2020-02-01,2021-08-15,FALSE,FALSE,FALSE,FALSE,FALSE,NA,NA,NA,NA,NA,561,561,561,561,561
tri01426,Hydroxychloroquine,2020-08-23,2021-08-15,FALSE,FALSE,FALSE,FALSE,FALSE,NA,NA,NA,NA,NA,357,357,357,357,357
tri01094,Azithromycin,2020-05-31,2021-08-15,FALSE,FALSE,FALSE,FALSE,FALSE,NA,NA,NA,NA,NA,441,441,441,441,441
tri01094,Hydroxychloroquine,2020-05-31,2021-08-15,FALSE,FALSE,FALSE,FALSE,FALSE,NA,NA,NA,NA,NA,441,441,441,441,441
tri02944,Convalescent Plasma,2021-03-05,2021-08-15,TRUE,FALSE,TRUE,FALSE,TRUE,2021-07-03,NA,2021-07-03,NA,2021-07-03,120,163,120,163,120
tri01301,Convalescent Plasma,2020-12-30,2021-08-15,TRUE,TRUE,TRUE,FALSE,TRUE,2021-03-13,2021-05-11,2021-03-13,NA,2021-03-13,73,132,73,228,73
tri01131,Hydroxychloroquine,2020-09-15,2021-08-15,FALSE,FALSE,FALSE,FALSE,FALSE,NA,NA,NA,NA,NA,334,334,334,334,334
tri06277,Convalescent Plasma,2020-09-02,2021-08-15,FALSE,FALSE,FALSE,FALSE,FALSE,NA,NA,NA,NA,NA,347,347,347,347,347
tri03172,Ivermectin,2020-10-06,2021-08-15,TRUE,TRUE,TRUE,FALSE,TRUE,2021-01-06,2021-02-18,2021-01-06,NA,2021-01-06,92,135,92,313,92
tri01887,Hydroxychloroquine,2021-05-30,2021-08-15,FALSE,FALSE,FALSE,FALSE,FALSE,NA,NA,NA,NA,NA,77,77,77,77,77
tri04537,Convalescent Plasma,2020-08-28,2021-08-15,TRUE,TRUE,FALSE,FALSE,TRUE,2021-05-08,2021-05-08,NA,NA,2021-05-08,253,253,352,352,253
tri02384,Ivermectin,2020-12-21,2021-08-15,TRUE,TRUE,FALSE,FALSE,TRUE,2021-03-04,2021-03-04,NA,NA,2021-03-04,73,73,237,237,73
tri06788,Azithromycin,2020-07-30,2021-08-15,TRUE,TRUE,TRUE,FALSE,TRUE,2020-02-01,2021-08-11,2020-02-01,NA,2020-02-01,-180,377,-180,381,-180
tri05743,Convalescent Plasma,2020-10-25,2021-08-15,TRUE,TRUE,TRUE,FALSE,TRUE,2020-11-21,2021-01-06,2020-11-21,NA,2020-11-21,27,73,27,294,27
tri05695,Convalescent Plasma,2020-09-30,2021-08-15,TRUE,TRUE,TRUE,FALSE,TRUE,2020-10-15,2020-12-04,2020-10-15,NA,2020-10-15,15,65,15,319,15
tri03644,Ivermectin,2020-12-01,2021-08-15,FALSE,FALSE,FALSE,FALSE,FALSE,NA,NA,NA,NA,NA,257,257,257,257,257
tri05408,Hydroxychloroquine,2020-12-15,2021-08-15,FALSE,FALSE,FALSE,FALSE,FALSE,NA,NA,NA,NA,NA,243,243,243,243,243
tri02148,Convalescent Plasma,2020-09-30,2021-08-15,FALSE,FALSE,FALSE,FALSE,FALSE,NA,NA,NA,NA,NA,319,319,319,319,319
tri01845,Convalescent Plasma,2020-11-26,2021-08-15,TRUE,FALSE,TRUE,FALSE,TRUE,2021-03-31,NA,2021-03-31,NA,2021-03-31,125,262,125,262,125
tri00270,Convalescent Plasma,2020-05-30,2021-08-15,TRUE,TRUE,TRUE,FALSE,TRUE,2020-08-04,2020-11-28,2020-08-04,NA,2020-08-04,66,182,66,442,66
tri02110,Convalescent Plasma,2020-07-01,2021-08-15,FALSE,FALSE,FALSE,FALSE,FALSE,NA,NA,NA,NA,NA,410,410,410,410,410
tri02244,Azithromycin,2020-06-14,2021-08-15,TRUE,TRUE,FALSE,FALSE,TRUE,2020-09-04,2020-09-04,NA,NA,2020-09-04,82,82,427,427,82
tri07018,Convalescent Plasma,2020-12-30,2021-08-15,FALSE,FALSE,FALSE,FALSE,FALSE,NA,NA,NA,NA,NA,228,228,228,228,228
tri06103,Ivermectin,2020-08-22,2021-08-15,TRUE,TRUE,FALSE,TRUE,TRUE,2020-10-09,2021-05-13,NA,2020-10-09,2020-10-09,48,264,358,48,48
tri06002,Ivermectin,2020-10-01,2021-08-15,FALSE,FALSE,FALSE,FALSE,FALSE,NA,NA,NA,NA,NA,318,318,318,318,318
tri05956,Azithromycin,2020-08-30,2021-08-15,FALSE,FALSE,FALSE,FALSE,FALSE,NA,NA,NA,NA,NA,350,350,350,350,350
tri05956,Hydroxychloroquine,2020-08-30,2021-08-15,FALSE,FALSE,FALSE,FALSE,FALSE,NA,NA,NA,NA,NA,350,350,350,350,350
tri03480,Convalescent Plasma,2020-07-30,2021-08-15,FALSE,FALSE,FALSE,FALSE,FALSE,NA,NA,NA,NA,NA,381,381,381,381,381
tri03133,Ivermectin,2020-07-01,2021-08-15,FALSE,FALSE,FALSE,FALSE,FALSE,NA,NA,NA,NA,NA,410,410,410,410,410
tri03458,Ivermectin,2020-07-14,2021-08-15,TRUE,TRUE,FALSE,TRUE,TRUE,2020-08-27,2021-02-01,NA,2020-08-27,2020-08-27,44,202,397,44,44
tri03426,Azithromycin,2020-12-01,2021-08-15,FALSE,FALSE,FALSE,FALSE,FALSE,NA,NA,NA,NA,NA,257,257,257,257,257
tri03426,Hydroxychloroquine,2020-12-01,2021-08-15,FALSE,FALSE,FALSE,FALSE,FALSE,NA,NA,NA,NA,NA,257,257,257,257,257
tri02055,Convalescent Plasma,2020-06-30,2021-08-15,FALSE,FALSE,FALSE,FALSE,FALSE,NA,NA,NA,NA,NA,411,411,411,411,411
tri04465,Ivermectin,2021-04-28,2021-08-15,FALSE,FALSE,FALSE,FALSE,FALSE,NA,NA,NA,NA,NA,109,109,109,109,109
tri02477,Convalescent Plasma,2020-11-30,2021-08-15,FALSE,FALSE,FALSE,FALSE,FALSE,NA,NA,NA,NA,NA,258,258,258,258,258
tri02355,Convalescent Plasma,2020-06-01,2021-08-15,FALSE,FALSE,FALSE,FALSE,FALSE,NA,NA,NA,NA,NA,440,440,440,440,440
tri05395,Convalescent Plasma,2020-12-01,2021-08-15,FALSE,FALSE,FALSE,FALSE,FALSE,NA,NA,NA,NA,NA,257,257,257,257,257
tri02029,Hydroxychloroquine,2020-08-25,2021-08-15,TRUE,FALSE,TRUE,FALSE,TRUE,2021-05-17,NA,2021-05-17,NA,2021-05-17,265,355,265,355,265
tri01171,Azithromycin,2020-05-03,2021-08-15,FALSE,FALSE,FALSE,FALSE,FALSE,NA,NA,NA,NA,NA,469,469,469,469,469
tri01147,Convalescent Plasma,2020-07-01,2021-08-15,TRUE,TRUE,FALSE,FALSE,TRUE,2020-05-25,2020-05-25,NA,NA,2020-05-25,-37,-37,410,410,-37
tri02578,Convalescent Plasma,2020-11-01,2021-08-15,FALSE,FALSE,FALSE,FALSE,FALSE,NA,NA,NA,NA,NA,287,287,287,287,287
tri00997,Azithromycin,2020-09-14,2021-08-15,TRUE,TRUE,FALSE,FALSE,TRUE,2021-02-08,2021-02-08,NA,NA,2020-10-30,147,147,335,335,46
tri00997,Hydroxychloroquine,2020-09-14,2021-08-15,TRUE,TRUE,FALSE,FALSE,TRUE,2021-02-08,2021-02-08,NA,NA,2020-10-30,147,147,335,335,46
tri00997,Convalescent Plasma,2020-09-14,2021-08-15,TRUE,TRUE,FALSE,FALSE,TRUE,2021-02-08,2021-02-08,NA,NA,2020-10-30,147,147,335,335,46
tri01119,Azithromycin,2020-06-30,2021-08-15,FALSE,FALSE,FALSE,FALSE,FALSE,NA,NA,NA,NA,NA,411,411,411,411,411
tri01119,Hydroxychloroquine,2020-06-30,2021-08-15,FALSE,FALSE,FALSE,FALSE,FALSE,NA,NA,NA,NA,NA,411,411,411,411,411
tri02100,Convalescent Plasma,2020-12-31,2021-08-15,FALSE,FALSE,FALSE,FALSE,TRUE,NA,NA,NA,NA,2020-12-26,227,227,227,227,-5
tri03302,Convalescent Plasma,2020-07-23,2021-08-15,TRUE,TRUE,TRUE,TRUE,TRUE,2020-09-01,2020-09-20,2020-09-01,2020-09-17,2020-09-01,40,59,40,56,40
tri02568,Ivermectin,2020-05-31,2021-08-15,TRUE,FALSE,TRUE,TRUE,TRUE,2020-07-08,NA,2020-07-08,2020-11-04,2020-07-08,38,441,38,157,38
tri01493,Azithromycin,2020-05-08,2021-08-15,FALSE,FALSE,FALSE,FALSE,FALSE,NA,NA,NA,NA,NA,464,464,464,464,464
tri01493,Hydroxychloroquine,2020-05-08,2021-08-15,FALSE,FALSE,FALSE,FALSE,FALSE,NA,NA,NA,NA,NA,464,464,464,464,464
tri02565,Azithromycin,2020-11-04,2021-08-15,FALSE,FALSE,FALSE,FALSE,FALSE,NA,NA,NA,NA,NA,284,284,284,284,284
tri01940,Convalescent Plasma,2020-08-01,2021-08-15,FALSE,FALSE,FALSE,FALSE,FALSE,NA,NA,NA,NA,NA,379,379,379,379,379
tri02346,Convalescent Plasma,2021-05-26,2021-08-15,FALSE,FALSE,FALSE,FALSE,FALSE,NA,NA,NA,NA,NA,81,81,81,81,81
tri03332,Azithromycin,2020-07-08,2021-08-15,TRUE,FALSE,FALSE,TRUE,TRUE,2021-04-01,NA,NA,2021-04-01,2021-04-01,267,403,403,267,267
tri03332,Hydroxychloroquine,2020-07-08,2021-08-15,TRUE,FALSE,FALSE,TRUE,TRUE,2021-04-01,NA,NA,2021-04-01,2021-04-01,267,403,403,267,267
tri02448,Hydroxychloroquine,2020-08-30,2021-08-15,TRUE,TRUE,FALSE,FALSE,TRUE,2020-07-23,2020-07-23,NA,NA,2020-07-23,-38,-38,350,350,-38
tri02448,Azithromycin,2020-08-30,2021-08-15,TRUE,TRUE,FALSE,FALSE,TRUE,2020-07-23,2020-07-23,NA,NA,2020-07-23,-38,-38,350,350,-38
tri03163,Convalescent Plasma,2021-04-30,2021-08-15,FALSE,FALSE,FALSE,FALSE,FALSE,NA,NA,NA,NA,NA,107,107,107,107,107
tri01290,Hydroxychloroquine,2020-08-23,2021-08-15,FALSE,FALSE,FALSE,FALSE,FALSE,NA,NA,NA,NA,NA,357,357,357,357,357
tri06144,Convalescent Plasma,2021-04-30,2021-08-15,FALSE,FALSE,FALSE,FALSE,FALSE,NA,NA,NA,NA,NA,107,107,107,107,107
tri02539,Hydroxychloroquine,2020-12-31,2021-08-15,FALSE,FALSE,FALSE,FALSE,FALSE,NA,NA,NA,NA,NA,227,227,227,227,227
tri02539,Azithromycin,2020-12-31,2021-08-15,FALSE,FALSE,FALSE,FALSE,FALSE,NA,NA,NA,NA,NA,227,227,227,227,227
tri02973,Hydroxychloroquine,2021-02-01,2021-08-15,TRUE,TRUE,FALSE,FALSE,TRUE,2021-04-22,2021-04-22,NA,NA,2021-04-22,80,80,195,195,80
tri05356,Hydroxychloroquine,2020-11-01,2021-08-15,FALSE,FALSE,FALSE,FALSE,FALSE,NA,NA,NA,NA,NA,287,287,287,287,287
tri05356,Azithromycin,2020-11-01,2021-08-15,FALSE,FALSE,FALSE,FALSE,FALSE,NA,NA,NA,NA,NA,287,287,287,287,287
tri02535,Hydroxychloroquine,2021-05-13,2021-08-15,FALSE,FALSE,FALSE,FALSE,FALSE,NA,NA,NA,NA,NA,94,94,94,94,94
tri06786,Convalescent Plasma,2020-12-31,2021-08-15,FALSE,FALSE,FALSE,FALSE,FALSE,NA,NA,NA,NA,NA,227,227,227,227,227
tri06329,Ivermectin,2020-11-01,2021-08-15,FALSE,FALSE,FALSE,FALSE,FALSE,NA,NA,NA,NA,NA,287,287,287,287,287
tri06132,Ivermectin,2020-11-30,2021-08-15,FALSE,FALSE,FALSE,FALSE,FALSE,NA,NA,NA,NA,NA,258,258,258,258,258
tri03536,Convalescent Plasma,2020-08-12,2021-08-15,FALSE,FALSE,FALSE,FALSE,FALSE,NA,NA,NA,NA,NA,368,368,368,368,368
tri02080,Ivermectin,2020-07-01,2021-08-15,TRUE,FALSE,TRUE,FALSE,TRUE,2021-02-05,NA,2021-02-05,NA,2021-02-05,219,410,219,410,219
tri02141,Convalescent Plasma,2020-12-31,2021-08-15,FALSE,FALSE,FALSE,FALSE,FALSE,NA,NA,NA,NA,NA,227,227,227,227,227
tri02136,Ivermectin,2020-09-17,2021-08-15,TRUE,TRUE,TRUE,TRUE,TRUE,2020-12-07,2021-01-19,2020-12-07,2020-12-17,2020-12-07,81,124,81,91,81
tri01479,Azithromycin,2020-08-01,2021-08-15,FALSE,FALSE,FALSE,FALSE,FALSE,NA,NA,NA,NA,NA,379,379,379,379,379
tri01479,Hydroxychloroquine,2020-08-01,2021-08-15,FALSE,FALSE,FALSE,FALSE,FALSE,NA,NA,NA,NA,NA,379,379,379,379,379
tri01468,Ivermectin,2020-07-25,2021-08-15,FALSE,FALSE,FALSE,FALSE,FALSE,NA,NA,NA,NA,NA,386,386,386,386,386
tri01365,Azithromycin,2020-08-27,2021-08-15,FALSE,FALSE,FALSE,FALSE,FALSE,NA,NA,NA,NA,NA,353,353,353,353,353
tri01428,Azithromycin,2020-08-15,2021-08-15,FALSE,FALSE,FALSE,FALSE,FALSE,NA,NA,NA,NA,NA,365,365,365,365,365
tri01428,Hydroxychloroquine,2020-08-15,2021-08-15,FALSE,FALSE,FALSE,FALSE,FALSE,NA,NA,NA,NA,NA,365,365,365,365,365
tri01292,Hydroxychloroquine,2020-07-08,2021-08-15,FALSE,FALSE,FALSE,FALSE,FALSE,NA,NA,NA,NA,NA,403,403,403,403,403
tri01127,Hydroxychloroquine,2020-06-24,2021-08-15,FALSE,FALSE,FALSE,FALSE,FALSE,NA,NA,NA,NA,NA,417,417,417,417,417
tri01010,Hydroxychloroquine,2020-06-01,2021-08-15,TRUE,FALSE,TRUE,FALSE,TRUE,2020-10-05,NA,2020-10-05,NA,2020-10-05,126,440,126,440,126
tri01285,Azithromycin,2020-06-20,2021-08-15,FALSE,FALSE,FALSE,FALSE,FALSE,NA,NA,NA,NA,NA,421,421,421,421,421
tri01285,Hydroxychloroquine,2020-06-20,2021-08-15,FALSE,FALSE,FALSE,FALSE,FALSE,NA,NA,NA,NA,NA,421,421,421,421,421
tri00668,Hydroxychloroquine,2020-05-28,2021-08-15,FALSE,FALSE,FALSE,FALSE,FALSE,NA,NA,NA,NA,NA,444,444,444,444,444
tri00668,Azithromycin,2020-05-28,2021-08-15,FALSE,FALSE,FALSE,FALSE,FALSE,NA,NA,NA,NA,NA,444,444,444,444,444
tri02324,Convalescent Plasma,2020-04-28,2021-08-15,TRUE,TRUE,TRUE,FALSE,TRUE,2020-05-29,2020-07-23,2020-05-29,NA,2020-05-29,31,86,31,474,31
tri02571,Hydroxychloroquine,2020-08-31,2021-08-15,FALSE,FALSE,FALSE,FALSE,FALSE,NA,NA,NA,NA,NA,349,349,349,349,349
tri00781,Hydroxychloroquine,2020-09-01,2021-08-15,FALSE,FALSE,FALSE,FALSE,FALSE,NA,NA,NA,NA,NA,348,348,348,348,348
tri00781,Azithromycin,2020-09-01,2021-08-15,FALSE,FALSE,FALSE,FALSE,FALSE,NA,NA,NA,NA,NA,348,348,348,348,348
tri01099,Convalescent Plasma,2020-10-31,2021-08-15,FALSE,FALSE,FALSE,FALSE,FALSE,NA,NA,NA,NA,NA,288,288,288,288,288
tri00901,Hydroxychloroquine,2020-12-31,2021-08-15,TRUE,FALSE,TRUE,FALSE,TRUE,2021-05-16,NA,2021-05-16,NA,2021-05-16,136,227,136,227,136
tri00632,Convalescent Plasma,2020-07-17,2021-08-15,FALSE,FALSE,FALSE,FALSE,FALSE,NA,NA,NA,NA,NA,394,394,394,394,394
tri01081,Hydroxychloroquine,2020-06-26,2021-08-15,FALSE,FALSE,FALSE,FALSE,FALSE,NA,NA,NA,NA,NA,415,415,415,415,415
tri02421,Ivermectin,2020-07-31,2021-08-15,TRUE,TRUE,FALSE,FALSE,TRUE,2021-05-26,2021-05-26,NA,NA,2021-05-26,299,299,380,380,299
tri01249,Hydroxychloroquine,2020-09-30,2021-08-15,FALSE,FALSE,FALSE,FALSE,FALSE,NA,NA,NA,NA,NA,319,319,319,319,319
tri02225,Hydroxychloroquine,2020-04-27,2021-08-15,FALSE,FALSE,FALSE,FALSE,FALSE,NA,NA,NA,NA,NA,475,475,475,475,475
tri00862,Hydroxychloroquine,2020-04-09,2021-08-15,TRUE,TRUE,FALSE,FALSE,TRUE,2020-06-30,2020-06-30,NA,NA,2020-06-30,82,82,493,493,82
tri02451,Hydroxychloroquine,2020-12-18,2021-08-15,TRUE,TRUE,FALSE,FALSE,TRUE,2020-11-09,2020-11-09,NA,NA,2020-11-09,-39,-39,240,240,-39
tri02451,Azithromycin,2020-12-18,2021-08-15,TRUE,TRUE,FALSE,FALSE,TRUE,2020-11-09,2020-11-09,NA,NA,2020-11-09,-39,-39,240,240,-39
tri02322,Hydroxychloroquine,2020-04-30,2021-08-15,FALSE,FALSE,FALSE,FALSE,FALSE,NA,NA,NA,NA,NA,472,472,472,472,472
tri03451,Hydroxychloroquine,2020-08-20,2021-08-15,TRUE,TRUE,FALSE,FALSE,TRUE,2021-04-27,2021-04-27,NA,NA,2021-04-27,250,250,360,360,250
tri01545,Convalescent Plasma,2020-07-01,2021-08-15,FALSE,FALSE,FALSE,FALSE,FALSE,NA,NA,NA,NA,NA,410,410,410,410,410
tri01987,Convalescent Plasma,2020-12-31,2021-08-15,FALSE,FALSE,FALSE,FALSE,FALSE,NA,NA,NA,NA,NA,227,227,227,227,227
tri01263,Hydroxychloroquine,2020-09-30,2021-08-15,FALSE,FALSE,FALSE,FALSE,FALSE,NA,NA,NA,NA,NA,319,319,319,319,319
tri00157,Convalescent Plasma,2020-05-31,2021-08-15,FALSE,FALSE,FALSE,FALSE,FALSE,NA,NA,NA,NA,NA,441,441,441,441,441
tri00139,Hydroxychloroquine,2020-05-21,2021-08-15,TRUE,FALSE,TRUE,FALSE,TRUE,2020-06-22,NA,2020-06-22,NA,2020-06-22,32,451,32,451,32
tri00170,Hydroxychloroquine,2020-05-20,2021-08-15,FALSE,FALSE,FALSE,FALSE,FALSE,NA,NA,NA,NA,NA,452,452,452,452,452
tri01882,Hydroxychloroquine,2020-12-10,2021-08-15,FALSE,FALSE,FALSE,FALSE,FALSE,NA,NA,NA,NA,NA,248,248,248,248,248
tri06870,Ivermectin,2021-04-30,2021-08-15,FALSE,FALSE,FALSE,FALSE,FALSE,NA,NA,NA,NA,NA,107,107,107,107,107
tri07114,Hydroxychloroquine,2020-10-31,2021-08-15,TRUE,TRUE,FALSE,FALSE,TRUE,2021-05-26,2021-05-26,NA,NA,2021-05-26,207,207,288,288,207
tri06592,Ivermectin,2020-09-30,2021-08-15,TRUE,TRUE,TRUE,FALSE,TRUE,2020-10-27,2021-06-29,2020-10-27,NA,2020-10-27,27,272,27,319,27
tri06158,Convalescent Plasma,2020-09-01,2021-08-15,TRUE,TRUE,FALSE,FALSE,TRUE,2020-11-03,2020-11-03,NA,NA,2020-11-03,63,63,348,348,63
tri03522,Hydroxychloroquine,2020-07-15,2021-08-15,TRUE,FALSE,FALSE,TRUE,TRUE,2020-11-16,NA,NA,2020-11-16,2020-11-16,124,396,396,124,124
tri03270,Convalescent Plasma,2021-04-28,2021-08-15,TRUE,TRUE,FALSE,FALSE,TRUE,2020-10-13,2020-10-13,NA,NA,2020-10-13,-197,-197,109,109,-197
tri02513,Hydroxychloroquine,2020-07-31,2021-08-15,TRUE,TRUE,FALSE,FALSE,TRUE,2020-11-06,2020-11-06,NA,NA,2020-11-06,98,98,380,380,98
tri03081,Hydroxychloroquine,2020-11-06,2021-08-15,TRUE,FALSE,TRUE,FALSE,TRUE,2021-02-23,NA,2021-02-23,NA,2021-02-23,109,282,109,282,109
tri05396,Azithromycin,2020-08-30,2021-08-15,FALSE,FALSE,FALSE,FALSE,FALSE,NA,NA,NA,NA,NA,350,350,350,350,350
tri05396,Hydroxychloroquine,2020-08-30,2021-08-15,FALSE,FALSE,FALSE,FALSE,FALSE,NA,NA,NA,NA,NA,350,350,350,350,350
tri02942,Convalescent Plasma,2020-08-01,2021-08-15,FALSE,FALSE,FALSE,FALSE,FALSE,NA,NA,NA,NA,NA,379,379,379,379,379
tri05347,Hydroxychloroquine,2020-07-01,2021-08-15,FALSE,FALSE,FALSE,FALSE,FALSE,NA,NA,NA,NA,NA,410,410,410,410,410
tri00732,Hydroxychloroquine,2020-02-25,2021-08-15,TRUE,TRUE,FALSE,FALSE,TRUE,2020-05-25,2020-05-25,NA,NA,2020-05-25,90,90,537,537,90
tri03730,Hydroxychloroquine,2021-04-12,2021-08-15,FALSE,FALSE,FALSE,FALSE,FALSE,NA,NA,NA,NA,NA,125,125,125,125,125
tri07753,Ivermectin,2021-01-31,2021-08-15,FALSE,FALSE,FALSE,FALSE,FALSE,NA,NA,NA,NA,NA,196,196,196,196,196
tri07753,Hydroxychloroquine,2021-01-31,2021-08-15,FALSE,FALSE,FALSE,FALSE,FALSE,NA,NA,NA,NA,NA,196,196,196,196,196
tri07946,Ivermectin,2021-04-30,2021-08-15,FALSE,FALSE,FALSE,FALSE,FALSE,NA,NA,NA,NA,NA,107,107,107,107,107
tri04434,Hydroxychloroquine,2021-06-01,2021-08-15,FALSE,FALSE,FALSE,FALSE,FALSE,NA,NA,NA,NA,NA,75,75,75,75,75
tri04415,Azithromycin,2021-03-01,2021-08-15,FALSE,FALSE,FALSE,FALSE,FALSE,NA,NA,NA,NA,NA,167,167,167,167,167
tri04415,Hydroxychloroquine,2021-03-01,2021-08-15,FALSE,FALSE,FALSE,FALSE,FALSE,NA,NA,NA,NA,NA,167,167,167,167,167
tri03726,Convalescent Plasma,2021-05-01,2021-08-15,FALSE,FALSE,FALSE,FALSE,FALSE,NA,NA,NA,NA,NA,106,106,106,106,106
tri03138,Convalescent Plasma,2020-12-15,2021-08-15,FALSE,FALSE,FALSE,FALSE,FALSE,NA,NA,NA,NA,NA,243,243,243,243,243
tri09750,Hydroxychloroquine,2021-06-30,2021-08-15,FALSE,FALSE,FALSE,FALSE,FALSE,NA,NA,NA,NA,NA,46,46,46,46,46
tri02771,Hydroxychloroquine,2020-05-31,2021-08-15,FALSE,FALSE,FALSE,FALSE,FALSE,NA,NA,NA,NA,NA,441,441,441,441,441
tri02888,Azithromycin,2020-07-15,2021-08-15,FALSE,FALSE,FALSE,FALSE,FALSE,NA,NA,NA,NA,NA,396,396,396,396,396
tri02888,Hydroxychloroquine,2020-07-15,2021-08-15,FALSE,FALSE,FALSE,FALSE,FALSE,NA,NA,NA,NA,NA,396,396,396,396,396
tri02028,Convalescent Plasma,2021-05-01,2021-08-15,FALSE,FALSE,FALSE,FALSE,FALSE,NA,NA,NA,NA,NA,106,106,106,106,106
tri04419,Convalescent Plasma,2020-11-30,2021-08-15,FALSE,FALSE,FALSE,FALSE,FALSE,NA,NA,NA,NA,NA,258,258,258,258,258
tri09190,Ivermectin,2021-05-30,2021-08-15,FALSE,FALSE,FALSE,FALSE,FALSE,NA,NA,NA,NA,NA,77,77,77,77,77
tri03235,Convalescent Plasma,2021-04-30,2021-08-15,TRUE,TRUE,FALSE,FALSE,TRUE,2021-07-16,2021-07-16,NA,NA,2021-07-16,77,77,107,107,77
tri08159,Hydroxychloroquine,2021-03-10,2021-08-15,FALSE,FALSE,FALSE,FALSE,FALSE,NA,NA,NA,NA,NA,158,158,158,158,158
tri08159,Ivermectin,2021-03-10,2021-08-15,FALSE,FALSE,FALSE,FALSE,FALSE,NA,NA,NA,NA,NA,158,158,158,158,158
tri06779,Convalescent Plasma,2021-06-15,2021-08-15,FALSE,FALSE,FALSE,FALSE,FALSE,NA,NA,NA,NA,NA,61,61,61,61,61
tri08147,Ivermectin,2021-02-20,2021-08-15,TRUE,TRUE,FALSE,FALSE,TRUE,2021-06-15,2021-06-15,NA,NA,2021-06-15,115,115,176,176,115
tri07959,Convalescent Plasma,2020-12-10,2021-08-15,FALSE,FALSE,FALSE,FALSE,FALSE,NA,NA,NA,NA,NA,248,248,248,248,248
tri01745,Convalescent Plasma,2020-10-23,2021-08-15,FALSE,FALSE,FALSE,FALSE,FALSE,NA,NA,NA,NA,NA,296,296,296,296,296
tri01742,Convalescent Plasma,2020-08-10,2021-08-15,TRUE,TRUE,TRUE,FALSE,TRUE,2020-09-10,2020-10-22,2020-09-10,NA,2020-09-10,31,73,31,370,31
tri07043,Ivermectin,2021-03-01,2021-08-15,FALSE,FALSE,FALSE,FALSE,FALSE,NA,NA,NA,NA,NA,167,167,167,167,167
tri05534,Azithromycin,2021-03-24,2021-08-15,FALSE,FALSE,FALSE,FALSE,FALSE,NA,NA,NA,NA,NA,144,144,144,144,144
tri05534,Hydroxychloroquine,2021-03-24,2021-08-15,FALSE,FALSE,FALSE,FALSE,FALSE,NA,NA,NA,NA,NA,144,144,144,144,144
tri05475,Convalescent Plasma,2021-03-01,2021-08-15,FALSE,FALSE,FALSE,FALSE,FALSE,NA,NA,NA,NA,NA,167,167,167,167,167
tri03570,Convalescent Plasma,2021-05-05,2021-08-15,FALSE,FALSE,FALSE,FALSE,FALSE,NA,NA,NA,NA,NA,102,102,102,102,102
tri01085,Hydroxychloroquine,2021-03-01,2021-08-15,FALSE,FALSE,FALSE,FALSE,FALSE,NA,NA,NA,NA,NA,167,167,167,167,167
tri00080,Hydroxychloroquine,2020-02-29,2021-08-15,TRUE,FALSE,TRUE,FALSE,TRUE,2020-03-30,NA,2020-03-30,NA,2020-03-30,30,533,30,533,30
tri00512,Convalescent Plasma,2020-06-16,2021-08-15,FALSE,FALSE,FALSE,FALSE,FALSE,NA,NA,NA,NA,NA,425,425,425,425,425
tri00140,Convalescent Plasma,2020-04-07,2021-08-15,TRUE,TRUE,FALSE,FALSE,TRUE,2020-04-06,2020-04-06,NA,NA,2020-04-06,-1,-1,495,495,-1
tri02177,Convalescent Plasma,2021-05-10,2021-08-15,FALSE,FALSE,FALSE,FALSE,FALSE,NA,NA,NA,NA,NA,97,97,97,97,97
tri03325,Convalescent Plasma,2021-03-29,2021-08-15,FALSE,FALSE,FALSE,FALSE,FALSE,NA,NA,NA,NA,NA,139,139,139,139,139
tri08900,Convalescent Plasma,2020-11-30,2021-08-15,FALSE,FALSE,FALSE,FALSE,FALSE,NA,NA,NA,NA,NA,258,258,258,258,258
tri00892,Stem Cells (Mesenchymal),2020-12-01,2021-08-15,TRUE,TRUE,TRUE,FALSE,TRUE,2020-07-14,2020-08-27,2020-07-14,NA,2020-07-14,-140,-96,-140,257,-140
tri03025,Stem Cells (Mesenchymal),2020-08-01,2021-08-15,FALSE,FALSE,FALSE,FALSE,FALSE,NA,NA,NA,NA,NA,379,379,379,379,379
tri00552,Stem Cells (Mesenchymal),2020-06-30,2021-08-15,FALSE,FALSE,FALSE,FALSE,FALSE,NA,NA,NA,NA,NA,411,411,411,411,411
tri03275,Stem Cells (Mesenchymal),2020-05-12,2021-08-15,TRUE,TRUE,TRUE,FALSE,TRUE,2020-10-14,2021-02-10,2020-10-14,NA,2020-10-14,155,274,155,460,155
tri00895,Stem Cells (Mesenchymal),2020-06-30,2021-08-15,FALSE,FALSE,FALSE,FALSE,FALSE,NA,NA,NA,NA,NA,411,411,411,411,411
tri03274,Stem Cells (Mesenchymal),2020-12-01,2021-08-15,TRUE,TRUE,TRUE,FALSE,TRUE,2020-08-21,2020-11-17,2020-08-21,NA,2020-08-21,-102,-14,-102,257,-102
tri00118,Stem Cells (Mesenchymal),2020-05-31,2021-08-15,FALSE,FALSE,FALSE,FALSE,FALSE,NA,NA,NA,NA,NA,441,441,441,441,441
tri00112,Stem Cells (Mesenchymal),2020-04-17,2021-08-15,FALSE,FALSE,FALSE,FALSE,FALSE,NA,NA,NA,NA,NA,485,485,485,485,485
tri00877,Stem Cells (Mesenchymal),2020-04-29,2021-08-15,FALSE,FALSE,FALSE,FALSE,FALSE,NA,NA,NA,NA,NA,473,473,473,473,473
tri00635,Stem Cells (Mesenchymal),2020-12-02,2021-08-15,TRUE,TRUE,TRUE,FALSE,TRUE,2020-04-29,2020-08-18,2020-04-29,NA,2020-04-29,-217,-106,-217,256,-217
tri00503,Stem Cells (Mesenchymal),2020-08-31,2021-08-15,FALSE,FALSE,FALSE,FALSE,FALSE,NA,NA,NA,NA,NA,349,349,349,349,349
tri02405,Ivermectin,2021-01-29,2021-08-15,TRUE,FALSE,FALSE,TRUE,TRUE,2021-05-21,NA,NA,2021-05-21,2021-05-21,112,198,198,112,112
tri01281,Hydroxychloroquine,2021-06-14,2021-08-15,FALSE,FALSE,FALSE,FALSE,FALSE,NA,NA,NA,NA,NA,62,62,62,62,62
tri06721,Stem Cells (Mesenchymal),2020-11-30,2021-08-15,FALSE,FALSE,FALSE,FALSE,FALSE,NA,NA,NA,NA,NA,258,258,258,258,258
tri03593,Stem Cells (Mesenchymal),2020-08-30,2021-08-15,FALSE,FALSE,FALSE,FALSE,FALSE,NA,NA,NA,NA,NA,350,350,350,350,350
tri03162,Stem Cells (Mesenchymal),2020-09-01,2021-08-15,FALSE,FALSE,FALSE,FALSE,FALSE,NA,NA,NA,NA,NA,348,348,348,348,348
tri05872,Stem Cells (Mesenchymal),2020-11-30,2021-08-15,FALSE,FALSE,FALSE,FALSE,FALSE,NA,NA,NA,NA,NA,258,258,258,258,258
tri06469,Stem Cells (Mesenchymal),2020-08-20,2021-08-15,FALSE,FALSE,FALSE,FALSE,FALSE,NA,NA,NA,NA,NA,360,360,360,360,360
tri02175,Hydroxychloroquine,2021-04-30,2021-08-15,FALSE,FALSE,FALSE,FALSE,FALSE,NA,NA,NA,NA,NA,107,107,107,107,107
tri03136,Convalescent Plasma,2021-02-01,2021-08-15,FALSE,FALSE,FALSE,FALSE,FALSE,NA,NA,NA,NA,NA,195,195,195,195,195
tri03540,Convalescent Plasma,2021-05-31,2021-08-15,FALSE,FALSE,FALSE,FALSE,FALSE,NA,NA,NA,NA,NA,76,76,76,76,76
tri06636,Hydroxychloroquine,2021-01-15,2021-08-15,FALSE,FALSE,FALSE,FALSE,FALSE,NA,NA,NA,NA,NA,212,212,212,212,212
tri04509,Convalescent Plasma,2020-10-15,2021-08-15,TRUE,FALSE,TRUE,FALSE,TRUE,2020-11-29,NA,2020-11-29,NA,2020-11-29,45,304,45,304,45
tri06862,Convalescent Plasma,2021-06-30,2021-08-15,FALSE,FALSE,FALSE,FALSE,FALSE,NA,NA,NA,NA,NA,46,46,46,46,46
tri07790,Hydroxychloroquine,2020-12-30,2021-08-15,FALSE,FALSE,FALSE,FALSE,FALSE,NA,NA,NA,NA,NA,228,228,228,228,228
tri05721,Convalescent Plasma,2020-09-15,2021-08-15,TRUE,TRUE,FALSE,FALSE,TRUE,2021-02-16,2021-02-16,NA,NA,2021-02-16,154,154,334,334,154
tri01486,Hydroxychloroquine,2020-06-30,2021-08-15,FALSE,FALSE,FALSE,FALSE,FALSE,NA,NA,NA,NA,NA,411,411,411,411,411
tri03429,Ivermectin,2020-10-30,2021-08-15,TRUE,TRUE,FALSE,FALSE,TRUE,2020-12-02,2020-12-02,NA,NA,2020-12-02,33,33,289,289,33
tri01798,Azithromycin,2021-02-02,2021-08-15,TRUE,TRUE,FALSE,TRUE,TRUE,2021-06-03,2021-06-03,NA,2021-06-28,2021-06-03,121,121,194,146,121
tri01798,Hydroxychloroquine,2021-02-02,2021-08-15,TRUE,TRUE,FALSE,TRUE,TRUE,2021-06-03,2021-06-03,NA,2021-06-28,2021-06-03,121,121,194,146,121
tri00756,Hydroxychloroquine,2020-06-25,2021-08-15,FALSE,FALSE,FALSE,FALSE,TRUE,NA,NA,NA,NA,2021-04-13,416,416,416,416,292
tri01114,Convalescent Plasma,2021-06-01,2021-08-15,TRUE,FALSE,TRUE,FALSE,TRUE,2021-05-27,NA,2021-05-27,NA,2021-05-27,-5,75,-5,75,-5
tri07950,Ivermectin,2020-12-18,2021-08-15,TRUE,FALSE,TRUE,FALSE,TRUE,2021-03-30,NA,2021-03-30,NA,2021-03-30,102,240,102,240,102
tri04641,Convalescent Plasma,2020-12-15,2021-08-15,FALSE,FALSE,FALSE,FALSE,FALSE,NA,NA,NA,NA,NA,243,243,243,243,243
tri01109,Hydroxychloroquine,2020-08-30,2021-08-15,FALSE,FALSE,FALSE,FALSE,FALSE,NA,NA,NA,NA,NA,350,350,350,350,350
tri01228,Convalescent Plasma,2020-12-20,2021-08-15,FALSE,FALSE,FALSE,FALSE,FALSE,NA,NA,NA,NA,NA,238,238,238,238,238
tri01536,Hydroxychloroquine,2021-03-31,2021-08-15,FALSE,FALSE,FALSE,FALSE,FALSE,NA,NA,NA,NA,NA,137,137,137,137,137
tri02964,Azithromycin,2021-01-29,2021-08-15,TRUE,TRUE,TRUE,FALSE,TRUE,2021-04-15,2021-07-09,2021-04-15,NA,2021-04-15,76,161,76,198,76
tri02081,Stem Cells (Mesenchymal),2020-11-01,2021-08-15,TRUE,TRUE,FALSE,FALSE,TRUE,2021-06-28,2021-06-28,NA,NA,2021-06-28,239,239,287,287,239
tri00123,Stem Cells (Mesenchymal),2020-08-31,2021-08-15,FALSE,FALSE,FALSE,FALSE,FALSE,NA,NA,NA,NA,NA,349,349,349,349,349
tri00992,Stem Cells (Mesenchymal),2020-11-11,2021-08-15,FALSE,FALSE,FALSE,FALSE,FALSE,NA,NA,NA,NA,NA,277,277,277,277,277
tri06240,Convalescent Plasma,2021-06-30,2021-08-15,FALSE,FALSE,FALSE,FALSE,FALSE,NA,NA,NA,NA,NA,46,46,46,46,46
tri07047,Hydroxychloroquine,2021-01-17,2021-08-15,FALSE,FALSE,FALSE,FALSE,FALSE,NA,NA,NA,NA,NA,210,210,210,210,210
tri03358,Hydroxychloroquine,2021-04-01,2021-08-15,TRUE,TRUE,FALSE,FALSE,TRUE,2020-09-23,2020-09-23,NA,NA,2020-09-23,-190,-190,136,136,-190
tri02360,Convalescent Plasma,2021-01-25,2021-08-15,FALSE,FALSE,FALSE,FALSE,FALSE,NA,NA,NA,NA,NA,202,202,202,202,202
tri02483,Convalescent Plasma,2021-02-06,2021-08-15,FALSE,FALSE,FALSE,FALSE,FALSE,NA,NA,NA,NA,NA,190,190,190,190,190
tri06107,Convalescent Plasma,2021-06-04,2021-08-15,FALSE,FALSE,FALSE,FALSE,FALSE,NA,NA,NA,NA,NA,72,72,72,72,72
tri03396,Convalescent Plasma,2020-11-03,2021-08-15,FALSE,FALSE,FALSE,FALSE,FALSE,NA,NA,NA,NA,NA,285,285,285,285,285
tri03347,Convalescent Plasma,2021-03-29,2021-08-15,FALSE,FALSE,FALSE,FALSE,FALSE,NA,NA,NA,NA,NA,139,139,139,139,139
tri08762,Ivermectin,2020-12-20,2021-08-15,TRUE,FALSE,TRUE,FALSE,TRUE,2021-03-30,NA,2021-03-30,NA,2021-03-30,100,238,100,238,100
tri08804,Hydroxychloroquine,2021-02-09,2021-08-15,TRUE,FALSE,TRUE,FALSE,TRUE,2021-06-04,NA,2021-06-04,NA,2021-06-04,115,187,115,187,115
tri00950,Convalescent Plasma,2021-01-01,2021-08-15,TRUE,TRUE,FALSE,FALSE,TRUE,2021-07-01,2021-07-01,NA,NA,2021-07-01,181,181,226,226,181
tri01925,Hydroxychloroquine,2021-04-21,2021-08-15,FALSE,FALSE,FALSE,FALSE,FALSE,NA,NA,NA,NA,NA,116,116,116,116,116
tri01306,Convalescent Plasma,2021-05-31,2021-08-15,FALSE,FALSE,FALSE,FALSE,FALSE,NA,NA,NA,NA,NA,76,76,76,76,76
tri08683,Hydroxychloroquine,2021-03-31,2021-08-15,FALSE,FALSE,FALSE,FALSE,FALSE,NA,NA,NA,NA,NA,137,137,137,137,137
tri03156,Convalescent Plasma,2021-03-31,2021-08-15,FALSE,FALSE,FALSE,FALSE,FALSE,NA,NA,NA,NA,NA,137,137,137,137,137
tri01174,Hydroxychloroquine,2020-05-03,2021-08-15,FALSE,FALSE,FALSE,FALSE,FALSE,NA,NA,NA,NA,NA,469,469,469,469,469
tri01182,Ivermectin,2020-10-01,2021-08-15,FALSE,FALSE,FALSE,FALSE,FALSE,NA,NA,NA,NA,NA,318,318,318,318,318
tri01195,Hydroxychloroquine,2020-10-01,2021-08-15,FALSE,FALSE,FALSE,FALSE,FALSE,NA,NA,NA,NA,NA,318,318,318,318,318
tri01311,Azithromycin,2020-07-30,2021-08-15,FALSE,FALSE,FALSE,FALSE,FALSE,NA,NA,NA,NA,NA,381,381,381,381,381
tri01320,Stem Cells (Mesenchymal),2020-06-06,2021-08-15,FALSE,FALSE,FALSE,FALSE,FALSE,NA,NA,NA,NA,NA,435,435,435,435,435
tri01520,Hydroxychloroquine,2020-06-30,2021-08-15,FALSE,FALSE,FALSE,FALSE,FALSE,NA,NA,NA,NA,NA,411,411,411,411,411
tri02960,Hydroxychloroquine,2020-06-04,2021-08-15,FALSE,FALSE,FALSE,FALSE,FALSE,NA,NA,NA,NA,NA,437,437,437,437,437
tri03211,Hydroxychloroquine,2020-04-05,2021-08-15,FALSE,FALSE,FALSE,FALSE,FALSE,NA,NA,NA,NA,NA,497,497,497,497,497
tri01834,Convalescent Plasma,2020-10-31,2021-08-15,FALSE,FALSE,FALSE,FALSE,FALSE,NA,NA,NA,NA,NA,288,288,288,288,288
tri01868,Hydroxychloroquine,2020-05-31,2021-08-15,TRUE,TRUE,TRUE,FALSE,TRUE,2020-07-10,2020-12-02,2020-07-10,NA,2020-07-10,40,185,40,441,40
tri01935,Convalescent Plasma,2020-10-15,2021-08-15,FALSE,FALSE,FALSE,FALSE,FALSE,NA,NA,NA,NA,NA,304,304,304,304,304
tri01964,Convalescent Plasma,2020-11-30,2021-08-15,FALSE,FALSE,FALSE,FALSE,FALSE,NA,NA,NA,NA,NA,258,258,258,258,258
tri01976,Convalescent Plasma,2020-06-01,2021-08-15,FALSE,FALSE,FALSE,FALSE,FALSE,NA,NA,NA,NA,NA,440,440,440,440,440
tri02157,Hydroxychloroquine,2020-08-01,2021-08-15,FALSE,FALSE,FALSE,FALSE,FALSE,NA,NA,NA,NA,NA,379,379,379,379,379
tri03085,Convalescent Plasma,2020-12-01,2021-08-15,FALSE,FALSE,FALSE,FALSE,FALSE,NA,NA,NA,NA,NA,257,257,257,257,257
tri02188,Stem Cells (Mesenchymal),2020-10-01,2021-08-15,FALSE,FALSE,FALSE,FALSE,FALSE,NA,NA,NA,NA,NA,318,318,318,318,318
tri02316,Convalescent Plasma,2020-07-20,2021-08-15,FALSE,FALSE,FALSE,FALSE,FALSE,NA,NA,NA,NA,NA,391,391,391,391,391
tri02991,Convalescent Plasma,2020-09-01,2021-08-15,FALSE,FALSE,FALSE,FALSE,FALSE,NA,NA,NA,NA,NA,348,348,348,348,348
tri03253,Hydroxychloroquine,2020-12-07,2021-08-15,FALSE,FALSE,FALSE,FALSE,FALSE,NA,NA,NA,NA,NA,251,251,251,251,251
tri03614,Ivermectin,2020-07-30,2021-08-15,FALSE,FALSE,FALSE,FALSE,FALSE,NA,NA,NA,NA,NA,381,381,381,381,381
tri05515,Stem Cells (Mesenchymal),2020-10-15,2021-08-15,FALSE,FALSE,FALSE,FALSE,FALSE,NA,NA,NA,NA,NA,304,304,304,304,304
tri05617,Stem Cells (Mesenchymal),2020-10-30,2021-08-15,FALSE,FALSE,FALSE,FALSE,FALSE,NA,NA,NA,NA,NA,289,289,289,289,289
tri05728,Hydroxychloroquine,2020-08-15,2021-08-15,FALSE,FALSE,FALSE,FALSE,FALSE,NA,NA,NA,NA,NA,365,365,365,365,365
tri06114,Stem Cells (Mesenchymal),2020-09-30,2021-08-15,FALSE,FALSE,FALSE,FALSE,FALSE,NA,NA,NA,NA,NA,319,319,319,319,319
tri03164,Hydroxychloroquine,2021-04-30,2021-08-15,FALSE,FALSE,FALSE,FALSE,FALSE,NA,NA,NA,NA,NA,107,107,107,107,107
tri06275,Convalescent Plasma,2020-12-31,2021-08-15,TRUE,TRUE,FALSE,FALSE,TRUE,2021-08-01,2021-08-01,NA,NA,2021-08-01,213,213,227,227,213
tri05680,Stem Cells (Mesenchymal),2020-05-20,2021-08-15,TRUE,FALSE,TRUE,FALSE,TRUE,2021-06-08,NA,2021-06-08,NA,2021-06-08,384,452,384,452,384
tri00189,Hydroxychloroquine,2020-02-29,2021-08-15,FALSE,FALSE,FALSE,FALSE,FALSE,NA,NA,NA,NA,NA,533,533,533,533,533
tri00230,Stem Cells (Mesenchymal),2020-05-31,2021-08-15,TRUE,FALSE,TRUE,FALSE,TRUE,2020-10-12,NA,2020-10-12,NA,2020-10-12,134,441,134,441,134
tri02674,Hydroxychloroquine,2020-06-25,2021-08-15,TRUE,FALSE,FALSE,TRUE,TRUE,2020-10-24,NA,NA,2020-10-24,2020-10-24,121,416,416,121,121
tri00265,Stem Cells (Mesenchymal),2020-05-31,2021-08-15,FALSE,FALSE,FALSE,FALSE,FALSE,NA,NA,NA,NA,NA,441,441,441,441,441
tri01132,Azithromycin,2020-10-11,2021-08-15,FALSE,FALSE,FALSE,FALSE,FALSE,NA,NA,NA,NA,NA,308,308,308,308,308
tri01132,Hydroxychloroquine,2020-10-11,2021-08-15,FALSE,FALSE,FALSE,FALSE,FALSE,NA,NA,NA,NA,NA,308,308,308,308,308
tri00986,Hydroxychloroquine,2020-06-01,2021-08-15,FALSE,FALSE,FALSE,FALSE,FALSE,NA,NA,NA,NA,NA,440,440,440,440,440
tri00975,Stem Cells (Mesenchymal),2020-12-01,2021-08-15,FALSE,FALSE,FALSE,FALSE,FALSE,NA,NA,NA,NA,NA,257,257,257,257,257
tri05351,Hydroxychloroquine,2020-06-30,2021-08-15,FALSE,FALSE,FALSE,FALSE,FALSE,NA,NA,NA,NA,NA,411,411,411,411,411
tri05351,Azithromycin,2020-06-30,2021-08-15,FALSE,FALSE,FALSE,FALSE,FALSE,NA,NA,NA,NA,NA,411,411,411,411,411
tri00255,Hydroxychloroquine,2020-04-30,2021-08-15,FALSE,FALSE,FALSE,FALSE,FALSE,NA,NA,NA,NA,NA,472,472,472,472,472
tri00320,Stem Cells (Mesenchymal),2020-12-31,2021-08-15,TRUE,TRUE,FALSE,FALSE,TRUE,2020-05-26,2020-05-26,NA,NA,2020-05-26,-219,-219,227,227,-219
tri00526,Hydroxychloroquine,2020-06-30,2021-08-15,TRUE,TRUE,TRUE,FALSE,TRUE,2020-04-14,2020-05-14,2020-04-14,NA,2020-04-14,-77,-47,-77,411,-77
tri02017,Hydroxychloroquine,2020-06-18,2021-08-15,TRUE,TRUE,TRUE,FALSE,TRUE,2020-10-21,2021-03-31,2020-10-21,NA,2020-10-21,125,286,125,423,125
tri00666,Convalescent Plasma,2020-05-20,2021-08-15,FALSE,FALSE,FALSE,FALSE,FALSE,NA,NA,NA,NA,NA,452,452,452,452,452
tri01880,Hydroxychloroquine,2020-09-24,2021-08-15,TRUE,TRUE,FALSE,FALSE,TRUE,2020-12-08,2020-12-08,NA,NA,2020-12-08,75,75,325,325,75
tri02563,Hydroxychloroquine,2020-05-26,2021-08-15,FALSE,FALSE,FALSE,FALSE,FALSE,NA,NA,NA,NA,NA,446,446,446,446,446
tri00763,Hydroxychloroquine,2020-12-31,2021-08-15,FALSE,FALSE,FALSE,FALSE,FALSE,NA,NA,NA,NA,NA,227,227,227,227,227
tri00763,Azithromycin,2020-12-31,2021-08-15,FALSE,FALSE,FALSE,FALSE,FALSE,NA,NA,NA,NA,NA,227,227,227,227,227
tri08411,Ivermectin,2021-04-30,2021-08-15,FALSE,FALSE,FALSE,FALSE,FALSE,NA,NA,NA,NA,NA,107,107,107,107,107
tri08350,Convalescent Plasma,2020-07-21,2021-08-15,TRUE,FALSE,TRUE,FALSE,TRUE,2021-04-04,NA,2021-04-04,NA,2021-04-04,257,390,257,390,257
tri01128,Hydroxychloroquine,2020-07-11,2021-08-15,FALSE,FALSE,FALSE,FALSE,FALSE,NA,NA,NA,NA,NA,400,400,400,400,400
tri08055,Hydroxychloroquine,2020-11-15,2021-08-15,FALSE,FALSE,FALSE,FALSE,FALSE,NA,NA,NA,NA,NA,273,273,273,273,273
tri08007,Convalescent Plasma,2021-05-01,2021-08-15,FALSE,FALSE,FALSE,FALSE,FALSE,NA,NA,NA,NA,NA,106,106,106,106,106
tri06299,Convalescent Plasma,2021-02-04,2021-08-15,FALSE,FALSE,FALSE,FALSE,FALSE,NA,NA,NA,NA,NA,192,192,192,192,192
tri03392,Hydroxychloroquine,2021-04-14,2021-08-15,FALSE,FALSE,FALSE,FALSE,FALSE,NA,NA,NA,NA,NA,123,123,123,123,123
tri06305,Convalescent Plasma,2021-01-07,2021-08-15,TRUE,TRUE,FALSE,FALSE,TRUE,2021-08-12,2021-08-12,NA,NA,2021-08-12,217,217,220,220,217
tri01489,Azithromycin,2021-04-30,2021-08-15,FALSE,FALSE,FALSE,FALSE,FALSE,NA,NA,NA,NA,NA,107,107,107,107,107
tri01489,Hydroxychloroquine,2021-04-30,2021-08-15,FALSE,FALSE,FALSE,FALSE,FALSE,NA,NA,NA,NA,NA,107,107,107,107,107
tri07580,Azithromycin,2021-05-30,2021-08-15,TRUE,FALSE,TRUE,FALSE,TRUE,2021-07-29,NA,2021-07-29,NA,2021-07-29,60,77,60,77,60
tri07580,Hydroxychloroquine,2021-05-30,2021-08-15,TRUE,FALSE,TRUE,FALSE,TRUE,2021-07-29,NA,2021-07-29,NA,2021-07-29,60,77,60,77,60
tri05624,Convalescent Plasma,2021-01-19,2021-08-15,FALSE,FALSE,FALSE,FALSE,FALSE,NA,NA,NA,NA,NA,208,208,208,208,208
tri04913,Ivermectin,2020-10-31,2021-08-15,TRUE,TRUE,FALSE,FALSE,TRUE,2021-07-15,2021-07-15,NA,NA,2021-07-15,257,257,288,288,257
tri07402,Ivermectin,2021-03-21,2021-08-15,FALSE,FALSE,FALSE,FALSE,FALSE,NA,NA,NA,NA,NA,147,147,147,147,147
tri05532,Convalescent Plasma,2020-09-01,2021-08-15,FALSE,FALSE,FALSE,FALSE,FALSE,NA,NA,NA,NA,NA,348,348,348,348,348
tri03519,Ivermectin,2021-06-01,2021-08-15,FALSE,FALSE,FALSE,FALSE,FALSE,NA,NA,NA,NA,NA,75,75,75,75,75
tri03519,Hydroxychloroquine,2021-06-01,2021-08-15,FALSE,FALSE,FALSE,FALSE,FALSE,NA,NA,NA,NA,NA,75,75,75,75,75
tri06084,Convalescent Plasma,2021-06-30,2021-08-15,FALSE,FALSE,FALSE,FALSE,FALSE,NA,NA,NA,NA,NA,46,46,46,46,46
tri05608,Hydroxychloroquine,2021-01-28,2021-08-15,FALSE,FALSE,FALSE,FALSE,FALSE,NA,NA,NA,NA,NA,199,199,199,199,199
tri02138,Convalescent Plasma,2021-06-01,2021-08-15,FALSE,FALSE,FALSE,FALSE,FALSE,NA,NA,NA,NA,NA,75,75,75,75,75
tri01872,Convalescent Plasma,2021-04-06,2021-08-15,TRUE,FALSE,TRUE,FALSE,TRUE,2020-12-02,NA,2020-12-02,NA,2020-12-02,-125,131,-125,131,-125
tri05386,Convalescent Plasma,2021-03-30,2021-08-15,FALSE,FALSE,FALSE,FALSE,FALSE,NA,NA,NA,NA,NA,138,138,138,138,138
tri02961,Convalescent Plasma,2021-04-05,2021-08-15,TRUE,FALSE,TRUE,FALSE,TRUE,2021-02-19,NA,2021-02-19,NA,2021-02-19,-45,132,-45,132,-45
tri02038,Convalescent Plasma,2021-05-01,2021-08-15,FALSE,FALSE,FALSE,FALSE,FALSE,NA,NA,NA,NA,NA,106,106,106,106,106
tri03343,Hydroxychloroquine,2021-03-01,2021-08-15,TRUE,TRUE,FALSE,FALSE,TRUE,2021-05-20,2021-05-20,NA,NA,2021-05-20,80,80,167,167,80
tri03343,Azithromycin,2021-03-01,2021-08-15,TRUE,TRUE,FALSE,FALSE,TRUE,2021-05-20,2021-05-20,NA,NA,2021-05-20,80,80,167,167,80
tri01312,Hydroxychloroquine,2021-03-31,2021-08-15,FALSE,FALSE,FALSE,FALSE,FALSE,NA,NA,NA,NA,NA,137,137,137,137,137
tri02030,Convalescent Plasma,2021-06-01,2021-08-15,FALSE,FALSE,FALSE,FALSE,FALSE,NA,NA,NA,NA,NA,75,75,75,75,75
tri01179,Hydroxychloroquine,2021-06-01,2021-08-15,FALSE,FALSE,FALSE,FALSE,FALSE,NA,NA,NA,NA,NA,75,75,75,75,75
tri01179,Azithromycin,2021-06-01,2021-08-15,FALSE,FALSE,FALSE,FALSE,FALSE,NA,NA,NA,NA,NA,75,75,75,75,75
tri01896,Convalescent Plasma,2021-04-01,2021-08-15,FALSE,FALSE,FALSE,FALSE,FALSE,NA,NA,NA,NA,NA,136,136,136,136,136
tri05354,Convalescent Plasma,2020-05-15,2021-08-15,FALSE,FALSE,FALSE,FALSE,FALSE,NA,NA,NA,NA,NA,457,457,457,457,457
tri02333,Convalescent Plasma,2021-06-15,2021-08-15,FALSE,FALSE,FALSE,FALSE,FALSE,NA,NA,NA,NA,NA,61,61,61,61,61
tri00949,Hydroxychloroquine,2021-04-10,2021-08-15,FALSE,FALSE,FALSE,FALSE,FALSE,NA,NA,NA,NA,NA,127,127,127,127,127
tri00949,Azithromycin,2021-04-10,2021-08-15,FALSE,FALSE,FALSE,FALSE,FALSE,NA,NA,NA,NA,NA,127,127,127,127,127
tri00933,Hydroxychloroquine,2021-04-01,2021-08-15,FALSE,FALSE,FALSE,FALSE,FALSE,NA,NA,NA,NA,NA,136,136,136,136,136
tri02452,Hydroxychloroquine,2021-05-27,2021-08-15,FALSE,FALSE,FALSE,FALSE,FALSE,NA,NA,NA,NA,NA,80,80,80,80,80
tri00319,Convalescent Plasma,2021-02-05,2021-08-15,TRUE,TRUE,FALSE,FALSE,TRUE,2020-06-03,2020-06-03,NA,NA,2020-06-03,-247,-247,191,191,-247
tri07703,Ivermectin,2020-06-30,2021-08-15,TRUE,TRUE,FALSE,FALSE,TRUE,2020-09-01,2020-09-01,NA,NA,2020-09-01,63,63,411,411,63
tri02882,Hydroxychloroquine,2021-01-15,2021-08-15,FALSE,FALSE,FALSE,FALSE,FALSE,NA,NA,NA,NA,NA,212,212,212,212,212
tri02327,Hydroxychloroquine,2020-07-13,2021-08-15,TRUE,TRUE,TRUE,TRUE,TRUE,2020-09-21,2020-10-17,2020-09-21,2021-06-30,2020-09-21,70,96,70,352,70
tri01098,Convalescent Plasma,2020-07-28,2021-08-15,FALSE,FALSE,FALSE,FALSE,FALSE,NA,NA,NA,NA,NA,383,383,383,383,383
tri03294,Hydroxychloroquine,2020-06-19,2021-08-15,TRUE,TRUE,FALSE,TRUE,TRUE,2020-11-09,2020-11-09,NA,2021-03-17,2020-11-09,143,143,422,271,143
tri00962,Convalescent Plasma,2021-02-05,2021-08-15,FALSE,FALSE,FALSE,FALSE,TRUE,NA,NA,NA,NA,2020-09-29,191,191,191,191,-129
tri03341,Hydroxychloroquine,2020-06-08,2021-08-15,FALSE,FALSE,FALSE,FALSE,FALSE,NA,NA,NA,NA,NA,433,433,433,433,433
tri03065,Convalescent Plasma,2020-08-17,2021-08-15,TRUE,TRUE,TRUE,FALSE,TRUE,2020-09-18,2021-03-03,2020-09-18,NA,2020-09-18,32,198,32,363,32
tri02499,Convalescent Plasma,2020-06-22,2021-08-15,TRUE,TRUE,FALSE,FALSE,TRUE,2021-06-03,2021-06-03,NA,NA,2021-06-03,346,346,419,419,346
tri03249,Ivermectin,2020-09-30,2021-08-15,TRUE,FALSE,TRUE,FALSE,TRUE,2021-05-31,NA,2021-05-31,NA,2021-05-31,243,319,243,319,243
tri03261,Ivermectin,2020-12-01,2021-08-15,TRUE,TRUE,FALSE,FALSE,TRUE,2021-03-09,2021-03-09,NA,NA,2021-03-09,98,98,257,257,98
tri05855,Hydroxychloroquine,2020-05-31,2021-08-15,TRUE,TRUE,TRUE,TRUE,TRUE,2020-08-04,2021-03-30,2020-08-04,2020-08-21,2020-08-04,65,303,65,82,65
tri06203,Convalescent Plasma,2020-12-30,2021-08-15,TRUE,FALSE,TRUE,FALSE,TRUE,2020-09-07,NA,2020-09-07,NA,2020-09-07,-114,228,-114,228,-114
tri06446,Convalescent Plasma,2020-08-15,2021-08-15,TRUE,TRUE,FALSE,FALSE,TRUE,2021-02-08,2021-02-08,NA,NA,2021-02-08,177,177,365,365,177
tri00425,Convalescent Plasma,2020-08-15,2021-08-15,FALSE,FALSE,FALSE,FALSE,FALSE,NA,NA,NA,NA,NA,365,365,365,365,365
tri03011,Hydroxychloroquine,2020-08-17,2021-08-15,FALSE,FALSE,FALSE,FALSE,FALSE,NA,NA,NA,NA,NA,363,363,363,363,363
tri02264,Ivermectin,2020-09-29,2021-08-15,TRUE,TRUE,FALSE,FALSE,TRUE,2021-06-18,2021-06-18,NA,NA,2021-06-18,262,262,320,320,262
tri03326,Convalescent Plasma,2020-06-15,2021-08-15,TRUE,TRUE,TRUE,FALSE,TRUE,2020-11-04,2021-05-11,2020-11-04,NA,2020-11-04,142,330,142,426,142
tri05359,Azithromycin,2020-08-14,2021-08-15,TRUE,TRUE,FALSE,FALSE,TRUE,2020-11-20,2020-11-20,NA,NA,2020-11-20,98,98,366,366,98
tri05359,Hydroxychloroquine,2020-08-14,2021-08-15,TRUE,TRUE,FALSE,FALSE,TRUE,2020-11-20,2020-11-20,NA,NA,2020-11-20,98,98,366,366,98
tri00900,Hydroxychloroquine,2020-07-01,2021-08-15,TRUE,FALSE,TRUE,FALSE,TRUE,2021-02-05,NA,2021-02-05,NA,2021-02-05,219,410,219,410,219
tri03276,Hydroxychloroquine,2020-06-15,2021-08-15,TRUE,TRUE,TRUE,FALSE,TRUE,2020-07-16,2020-07-16,2020-07-16,NA,2020-07-16,31,31,31,426,31
tri00171,Stem Cells (Mesenchymal),2020-03-31,2021-08-15,TRUE,TRUE,FALSE,FALSE,TRUE,2020-03-13,2020-03-13,NA,NA,2020-03-13,-18,-18,502,502,-18
tri03213,Convalescent Plasma,2020-09-27,2021-08-15,TRUE,TRUE,FALSE,FALSE,TRUE,2021-02-18,2021-02-18,NA,NA,2021-02-18,144,144,322,322,144
tri03291,Hydroxychloroquine,2020-07-20,2021-08-15,TRUE,TRUE,FALSE,FALSE,TRUE,2021-06-18,2021-06-18,NA,NA,2021-06-18,333,333,391,391,333
tri03277,Hydroxychloroquine,2020-05-20,2021-08-15,TRUE,TRUE,FALSE,TRUE,TRUE,2020-06-03,2020-06-03,NA,2021-05-13,2020-06-03,14,14,452,358,14
tri07408,Stem Cells (Mesenchymal),2020-06-30,2021-08-15,FALSE,FALSE,FALSE,FALSE,FALSE,NA,NA,NA,NA,NA,411,411,411,411,411
tri09491,Stem Cells (Mesenchymal),2020-08-30,2021-08-15,FALSE,FALSE,FALSE,FALSE,FALSE,NA,NA,NA,NA,NA,350,350,350,350,350
tri06736,Stem Cells (Mesenchymal),2021-05-01,2021-08-15,FALSE,FALSE,FALSE,FALSE,FALSE,NA,NA,NA,NA,NA,106,106,106,106,106
tri06745,Stem Cells (Mesenchymal),2021-01-04,2021-08-15,FALSE,FALSE,FALSE,FALSE,FALSE,NA,NA,NA,NA,NA,223,223,223,223,223
tri05572,Stem Cells (Mesenchymal),2021-05-02,2021-08-15,FALSE,FALSE,FALSE,FALSE,FALSE,NA,NA,NA,NA,NA,105,105,105,105,105
tri02111,Azithromycin,2020-07-27,2021-08-15,TRUE,FALSE,FALSE,TRUE,TRUE,2021-03-17,NA,NA,2021-03-17,2021-03-17,233,384,384,233,233
tri02111,Hydroxychloroquine,2020-07-27,2021-08-15,TRUE,FALSE,FALSE,TRUE,TRUE,2021-03-17,NA,NA,2021-03-17,2021-03-17,233,384,384,233,233
tri02354,Stem Cells (Mesenchymal),2021-06-30,2021-08-15,FALSE,FALSE,FALSE,FALSE,FALSE,NA,NA,NA,NA,NA,46,46,46,46,46
tri02484,Stem Cells (Mesenchymal),2021-06-01,2021-08-15,FALSE,FALSE,FALSE,FALSE,FALSE,NA,NA,NA,NA,NA,75,75,75,75,75
tri02644,Stem Cells (Mesenchymal),2021-04-30,2021-08-15,TRUE,TRUE,FALSE,FALSE,TRUE,2020-04-01,2020-04-01,NA,NA,2020-04-01,-394,-394,107,107,-394
tri03361,Stem Cells (Mesenchymal),2021-01-14,2021-08-15,FALSE,FALSE,FALSE,FALSE,FALSE,NA,NA,NA,NA,NA,213,213,213,213,213
tri03532,Stem Cells (Mesenchymal),2021-05-31,2021-08-15,FALSE,FALSE,FALSE,FALSE,FALSE,NA,NA,NA,NA,NA,76,76,76,76,76
tri02438,Ivermectin,2020-10-08,2021-08-15,FALSE,FALSE,FALSE,FALSE,FALSE,NA,NA,NA,NA,NA,311,311,311,311,311
tri02672,Hydroxychloroquine,2020-12-16,2021-08-15,FALSE,FALSE,FALSE,FALSE,FALSE,NA,NA,NA,NA,NA,242,242,242,242,242
tri03077,Stem Cells (Mesenchymal),2021-05-01,2021-08-15,FALSE,FALSE,FALSE,FALSE,FALSE,NA,NA,NA,NA,NA,106,106,106,106,106
tri03979,Hydroxychloroquine,2021-01-30,2021-08-15,FALSE,FALSE,FALSE,FALSE,FALSE,NA,NA,NA,NA,NA,197,197,197,197,197
tri00482,Stem Cells (Mesenchymal),2021-03-19,2021-08-15,FALSE,FALSE,FALSE,FALSE,FALSE,NA,NA,NA,NA,NA,149,149,149,149,149
tri00476,Stem Cells (Mesenchymal),2021-06-30,2021-08-15,FALSE,FALSE,FALSE,FALSE,FALSE,NA,NA,NA,NA,NA,46,46,46,46,46
tri00362,Stem Cells (Mesenchymal),2021-02-14,2021-08-15,FALSE,FALSE,FALSE,FALSE,FALSE,NA,NA,NA,NA,NA,182,182,182,182,182
tri00297,Stem Cells (Mesenchymal),2021-01-31,2021-08-15,FALSE,FALSE,FALSE,FALSE,FALSE,NA,NA,NA,NA,NA,196,196,196,196,196
tri06932,Ivermectin,2020-09-02,2021-08-15,TRUE,TRUE,TRUE,TRUE,TRUE,2021-01-27,2021-05-04,2021-02-24,2021-01-27,2021-01-27,147,244,175,147,147
tri06156,Ivermectin,2021-02-22,2021-08-15,TRUE,TRUE,FALSE,FALSE,TRUE,2021-07-02,2021-07-02,NA,NA,2021-07-02,130,130,174,174,130
tri01079,Azithromycin,2021-06-14,2021-08-15,FALSE,FALSE,FALSE,FALSE,FALSE,NA,NA,NA,NA,NA,62,62,62,62,62
tri01078,Hydroxychloroquine,2020-04-08,2021-08-15,FALSE,FALSE,FALSE,FALSE,FALSE,NA,NA,NA,NA,NA,494,494,494,494,494
tri00836,Azithromycin,2020-06-08,2021-08-15,FALSE,FALSE,FALSE,FALSE,FALSE,NA,NA,NA,NA,NA,433,433,433,433,433
tri00836,Hydroxychloroquine,2020-06-08,2021-08-15,FALSE,FALSE,FALSE,FALSE,FALSE,NA,NA,NA,NA,NA,433,433,433,433,433
tri00798,Hydroxychloroquine,2021-02-26,2021-08-15,FALSE,FALSE,FALSE,FALSE,FALSE,NA,NA,NA,NA,NA,170,170,170,170,170
tri01886,Convalescent Plasma,2020-12-23,2021-08-15,TRUE,TRUE,TRUE,FALSE,TRUE,2020-06-16,2020-10-09,2020-06-16,NA,2020-06-16,-190,-75,-190,235,-190
tri01802,Hydroxychloroquine,2020-10-12,2021-08-15,FALSE,FALSE,FALSE,FALSE,FALSE,NA,NA,NA,NA,NA,307,307,307,307,307
tri00787,Stem Cells (Mesenchymal),2020-06-30,2021-08-15,FALSE,FALSE,FALSE,FALSE,FALSE,NA,NA,NA,NA,NA,411,411,411,411,411
tri00254,Hydroxychloroquine,2020-04-30,2021-08-15,TRUE,TRUE,FALSE,FALSE,TRUE,2021-04-01,2021-04-01,NA,NA,2021-04-01,336,336,472,472,336
tri00791,Hydroxychloroquine,2021-06-10,2021-08-15,TRUE,TRUE,TRUE,FALSE,TRUE,2021-05-05,2021-07-06,2021-05-05,NA,2021-05-05,-36,26,-36,66,-36
tri00791,Azithromycin,2021-06-10,2021-08-15,TRUE,TRUE,TRUE,FALSE,TRUE,2021-05-05,2021-07-06,2021-05-05,NA,2021-05-05,-36,26,-36,66,-36
tri03579,Convalescent Plasma,2020-06-15,2021-08-15,FALSE,FALSE,FALSE,FALSE,FALSE,NA,NA,NA,NA,NA,426,426,426,426,426
