id,date_completion,date_cutoff,publication_any,publication_article,publication_preprint,publication_summary,publication_interim_any,date_publication_any,date_publication_article,date_publication_preprint,date_publication_summary,date_publication_interim_any,time_publication_any,time_publication_article,time_publication_preprint,time_publication_summary,time_publication_interim_any
tri00005,2020-07-01,2021-08-15,FALSE,FALSE,FALSE,FALSE,FALSE,NA,NA,NA,NA,NA,410,410,410,410,410
tri00019,2020-06-30,2021-08-15,FALSE,FALSE,FALSE,FALSE,FALSE,NA,NA,NA,NA,NA,411,411,411,411,411
tri00020,2021-02-28,2021-08-15,FALSE,FALSE,FALSE,FALSE,FALSE,NA,NA,NA,NA,NA,168,168,168,168,168
tri00047,2020-05-10,2021-08-15,TRUE,TRUE,TRUE,FALSE,TRUE,2020-08-29,2021-03-09,2020-08-29,NA,2020-08-29,111,303,111,462,111
tri00056,2020-12-31,2021-08-15,FALSE,FALSE,FALSE,FALSE,FALSE,NA,NA,NA,NA,NA,227,227,227,227,227
tri00070,2020-12-31,2021-08-15,FALSE,FALSE,FALSE,FALSE,FALSE,NA,NA,NA,NA,NA,227,227,227,227,227
tri00071,2020-12-31,2021-08-15,TRUE,TRUE,TRUE,FALSE,TRUE,2020-05-04,2020-05-28,2020-05-04,NA,2020-05-04,-241,-217,-241,227,-241
tri00080,2020-02-29,2021-08-15,TRUE,FALSE,TRUE,FALSE,TRUE,2020-03-30,NA,2020-03-30,NA,2020-03-30,30,533,30,533,30
tri00107,2020-12-31,2021-08-15,TRUE,TRUE,FALSE,FALSE,TRUE,2021-07-28,2021-07-28,NA,NA,2021-07-28,209,209,227,227,209
tri00108,2020-04-30,2021-08-15,FALSE,FALSE,FALSE,FALSE,FALSE,NA,NA,NA,NA,NA,472,472,472,472,472
tri00137,2020-05-30,2021-08-15,TRUE,TRUE,FALSE,FALSE,TRUE,2020-09-21,2020-09-21,NA,NA,2020-07-21,114,114,442,442,52
tri00141,2020-12-31,2021-08-15,FALSE,FALSE,FALSE,FALSE,FALSE,NA,NA,NA,NA,NA,227,227,227,227,227
tri00164,2020-05-28,2021-08-15,TRUE,TRUE,FALSE,TRUE,TRUE,2020-06-17,2020-09-08,NA,2020-06-17,2020-06-17,20,103,444,20,20
tri00170,2020-05-20,2021-08-15,FALSE,FALSE,FALSE,FALSE,FALSE,NA,NA,NA,NA,NA,452,452,452,452,452
tri00171,2020-03-31,2021-08-15,TRUE,TRUE,FALSE,FALSE,TRUE,2020-03-13,2020-03-13,NA,NA,2020-03-13,-18,-18,502,502,-18
tri00172,2020-05-31,2021-08-15,FALSE,FALSE,FALSE,FALSE,FALSE,NA,NA,NA,NA,NA,441,441,441,441,441
tri00182,2020-02-10,2021-08-15,FALSE,FALSE,FALSE,FALSE,FALSE,NA,NA,NA,NA,NA,552,552,552,552,552
tri00187,2020-06-30,2021-08-15,FALSE,FALSE,FALSE,FALSE,FALSE,NA,NA,NA,NA,NA,411,411,411,411,411
tri00188,2020-06-09,2021-08-15,FALSE,FALSE,FALSE,FALSE,FALSE,NA,NA,NA,NA,NA,432,432,432,432,432
tri00191,2020-05-30,2021-08-15,FALSE,FALSE,FALSE,FALSE,FALSE,NA,NA,NA,NA,NA,442,442,442,442,442
tri00235,2020-07-31,2021-08-15,FALSE,FALSE,FALSE,FALSE,FALSE,NA,NA,NA,NA,NA,380,380,380,380,380
tri00248,2020-05-22,2021-08-15,TRUE,TRUE,FALSE,FALSE,TRUE,2020-12-03,2020-12-03,NA,NA,2020-12-03,195,195,450,450,195
tri00249,2020-06-30,2021-08-15,FALSE,FALSE,FALSE,FALSE,FALSE,NA,NA,NA,NA,NA,411,411,411,411,411
tri00254,2020-04-30,2021-08-15,TRUE,TRUE,FALSE,FALSE,TRUE,2021-04-01,2021-04-01,NA,NA,2021-04-01,336,336,472,472,336
tri00255,2020-04-30,2021-08-15,FALSE,FALSE,FALSE,FALSE,FALSE,NA,NA,NA,NA,NA,472,472,472,472,472
tri00261,2020-05-30,2021-08-15,FALSE,FALSE,FALSE,FALSE,FALSE,NA,NA,NA,NA,NA,442,442,442,442,442
tri00267,2020-07-07,2021-08-15,FALSE,FALSE,FALSE,FALSE,FALSE,NA,NA,NA,NA,NA,404,404,404,404,404
tri00269,2021-02-28,2021-08-15,FALSE,FALSE,FALSE,FALSE,FALSE,NA,NA,NA,NA,NA,168,168,168,168,168
tri00286,2020-03-30,2021-08-15,FALSE,FALSE,FALSE,FALSE,FALSE,NA,NA,NA,NA,NA,503,503,503,503,503
tri00299,2020-04-30,2021-08-15,FALSE,FALSE,FALSE,FALSE,FALSE,NA,NA,NA,NA,NA,472,472,472,472,472
tri00305,2020-04-30,2021-08-15,FALSE,FALSE,FALSE,FALSE,FALSE,NA,NA,NA,NA,NA,472,472,472,472,472
tri00361,2020-06-30,2021-08-15,FALSE,FALSE,FALSE,FALSE,FALSE,NA,NA,NA,NA,NA,411,411,411,411,411
tri00378,2021-03-31,2021-08-15,FALSE,FALSE,FALSE,FALSE,FALSE,NA,NA,NA,NA,NA,137,137,137,137,137
tri00390,2020-05-31,2021-08-15,FALSE,FALSE,FALSE,FALSE,FALSE,NA,NA,NA,NA,NA,441,441,441,441,441
tri00440,2020-04-30,2021-08-15,FALSE,FALSE,FALSE,FALSE,FALSE,NA,NA,NA,NA,NA,472,472,472,472,472
tri00502,2020-04-10,2021-08-15,FALSE,FALSE,FALSE,FALSE,FALSE,NA,NA,NA,NA,NA,492,492,492,492,492
tri00526,2020-06-30,2021-08-15,TRUE,TRUE,TRUE,FALSE,TRUE,2020-04-14,2020-05-14,2020-04-14,NA,2020-04-14,-77,-47,-77,411,-77
tri00529,2020-06-30,2021-08-15,FALSE,FALSE,FALSE,FALSE,FALSE,NA,NA,NA,NA,NA,411,411,411,411,411
tri00534,2020-06-01,2021-08-15,FALSE,FALSE,FALSE,FALSE,FALSE,NA,NA,NA,NA,NA,440,440,440,440,440
tri00535,2020-06-01,2021-08-15,FALSE,FALSE,FALSE,FALSE,FALSE,NA,NA,NA,NA,NA,440,440,440,440,440
tri00537,2020-06-01,2021-08-15,FALSE,FALSE,FALSE,FALSE,FALSE,NA,NA,NA,NA,NA,440,440,440,440,440
tri00543,2020-08-01,2021-08-15,FALSE,FALSE,FALSE,FALSE,FALSE,NA,NA,NA,NA,NA,379,379,379,379,379
tri00582,2020-04-30,2021-08-15,FALSE,FALSE,FALSE,FALSE,FALSE,NA,NA,NA,NA,NA,472,472,472,472,472
tri00609,2020-04-30,2021-08-15,FALSE,FALSE,FALSE,FALSE,FALSE,NA,NA,NA,NA,NA,472,472,472,472,472
tri00610,2020-06-30,2021-08-15,FALSE,FALSE,FALSE,FALSE,FALSE,NA,NA,NA,NA,NA,411,411,411,411,411
tri00650,2020-06-30,2021-08-15,TRUE,TRUE,FALSE,FALSE,TRUE,2021-06-18,2021-06-18,NA,NA,2021-06-18,353,353,411,411,353
tri00656,2020-05-01,2021-08-15,TRUE,TRUE,TRUE,FALSE,TRUE,2020-04-17,2021-04-28,2020-04-17,NA,2020-04-17,-14,362,-14,471,-14
tri00692,2021-04-09,2021-08-15,TRUE,TRUE,FALSE,FALSE,TRUE,2021-02-25,2021-02-25,NA,NA,2021-02-25,-43,-43,128,128,-43
tri00712,2021-02-28,2021-08-15,FALSE,FALSE,FALSE,FALSE,FALSE,NA,NA,NA,NA,NA,168,168,168,168,168
tri00722,2020-08-07,2021-08-15,FALSE,FALSE,FALSE,FALSE,FALSE,NA,NA,NA,NA,NA,373,373,373,373,373
tri00728,2020-06-03,2021-08-15,FALSE,FALSE,FALSE,FALSE,FALSE,NA,NA,NA,NA,NA,438,438,438,438,438
tri00748,2021-06-01,2021-08-15,FALSE,FALSE,FALSE,FALSE,FALSE,NA,NA,NA,NA,NA,75,75,75,75,75
tri00756,2020-06-25,2021-08-15,FALSE,FALSE,FALSE,FALSE,TRUE,NA,NA,NA,NA,2021-04-13,416,416,416,416,292
tri00757,2021-06-01,2021-08-15,FALSE,FALSE,FALSE,FALSE,FALSE,NA,NA,NA,NA,NA,75,75,75,75,75
tri00763,2020-12-31,2021-08-15,FALSE,FALSE,FALSE,FALSE,FALSE,NA,NA,NA,NA,NA,227,227,227,227,227
tri00770,2020-07-01,2021-08-15,FALSE,FALSE,FALSE,FALSE,FALSE,NA,NA,NA,NA,NA,410,410,410,410,410
tri00781,2020-09-01,2021-08-15,FALSE,FALSE,FALSE,FALSE,FALSE,NA,NA,NA,NA,NA,348,348,348,348,348
tri00791,2021-06-10,2021-08-15,TRUE,TRUE,TRUE,FALSE,TRUE,2021-05-05,2021-07-06,2021-05-05,NA,2021-05-05,-36,26,-36,66,-36
tri00798,2021-02-26,2021-08-15,FALSE,FALSE,FALSE,FALSE,FALSE,NA,NA,NA,NA,NA,170,170,170,170,170
tri00808,2021-04-30,2021-08-15,FALSE,FALSE,FALSE,FALSE,FALSE,NA,NA,NA,NA,NA,107,107,107,107,107
tri00829,2020-12-01,2021-08-15,TRUE,TRUE,FALSE,FALSE,TRUE,2020-05-16,2020-05-16,NA,NA,2020-05-16,-199,-199,257,257,-199
tri00830,2020-12-01,2021-08-15,FALSE,FALSE,FALSE,FALSE,FALSE,NA,NA,NA,NA,NA,257,257,257,257,257
tri00834,2021-03-01,2021-08-15,FALSE,FALSE,FALSE,FALSE,FALSE,NA,NA,NA,NA,NA,167,167,167,167,167
tri00836,2020-06-08,2021-08-15,FALSE,FALSE,FALSE,FALSE,FALSE,NA,NA,NA,NA,NA,433,433,433,433,433
tri00842,2020-06-26,2021-08-15,FALSE,FALSE,FALSE,FALSE,FALSE,NA,NA,NA,NA,NA,415,415,415,415,415
tri00893,2020-04-10,2021-08-15,FALSE,FALSE,FALSE,FALSE,FALSE,NA,NA,NA,NA,NA,492,492,492,492,492
tri00894,2020-03-30,2021-08-15,TRUE,TRUE,FALSE,FALSE,TRUE,2020-04-29,2020-04-29,NA,NA,2020-04-29,30,30,503,503,30
tri00896,2020-03-30,2021-08-15,TRUE,TRUE,FALSE,FALSE,TRUE,2020-05-10,2020-05-10,NA,NA,2020-05-10,41,41,503,503,41
tri00900,2020-07-01,2021-08-15,TRUE,FALSE,TRUE,FALSE,TRUE,2021-02-05,NA,2021-02-05,NA,2021-02-05,219,410,219,410,219
tri00901,2020-12-31,2021-08-15,TRUE,FALSE,TRUE,FALSE,TRUE,2021-05-16,NA,2021-05-16,NA,2021-05-16,136,227,136,227,136
tri00902,2020-06-30,2021-08-15,FALSE,FALSE,FALSE,FALSE,TRUE,NA,NA,NA,NA,2020-10-01,411,411,411,411,93
tri00904,2021-03-31,2021-08-15,FALSE,FALSE,FALSE,FALSE,FALSE,NA,NA,NA,NA,NA,137,137,137,137,137
tri00906,2020-12-15,2021-08-15,FALSE,FALSE,FALSE,FALSE,FALSE,NA,NA,NA,NA,NA,243,243,243,243,243
tri00908,2021-03-27,2021-08-15,FALSE,FALSE,FALSE,FALSE,FALSE,NA,NA,NA,NA,NA,141,141,141,141,141
tri00914,2020-08-01,2021-08-15,TRUE,TRUE,FALSE,FALSE,TRUE,2021-07-29,2021-07-29,NA,NA,2021-07-29,362,362,379,379,362
tri00916,2020-05-20,2021-08-15,FALSE,FALSE,FALSE,FALSE,FALSE,NA,NA,NA,NA,NA,452,452,452,452,452
tri00917,2021-04-26,2021-08-15,FALSE,FALSE,FALSE,FALSE,FALSE,NA,NA,NA,NA,NA,111,111,111,111,111
tri00931,2020-05-10,2021-08-15,TRUE,TRUE,FALSE,FALSE,TRUE,2021-01-22,2021-01-22,NA,NA,2021-01-22,257,257,462,462,257
tri00933,2021-04-01,2021-08-15,FALSE,FALSE,FALSE,FALSE,FALSE,NA,NA,NA,NA,NA,136,136,136,136,136
tri00935,2020-05-14,2021-08-15,FALSE,FALSE,FALSE,FALSE,FALSE,NA,NA,NA,NA,NA,458,458,458,458,458
tri00944,2020-09-30,2021-08-15,TRUE,FALSE,TRUE,FALSE,TRUE,2021-04-29,NA,2021-04-29,NA,2021-04-29,211,319,211,319,211
tri00949,2021-04-10,2021-08-15,FALSE,FALSE,FALSE,FALSE,FALSE,NA,NA,NA,NA,NA,127,127,127,127,127
tri00953,2020-07-31,2021-08-15,FALSE,FALSE,FALSE,FALSE,FALSE,NA,NA,NA,NA,NA,380,380,380,380,380
tri00954,2020-09-30,2021-08-15,FALSE,FALSE,FALSE,FALSE,FALSE,NA,NA,NA,NA,NA,319,319,319,319,319
tri00960,2020-10-31,2021-08-15,FALSE,FALSE,FALSE,FALSE,FALSE,NA,NA,NA,NA,NA,288,288,288,288,288
tri00962,2021-02-05,2021-08-15,FALSE,FALSE,FALSE,FALSE,TRUE,NA,NA,NA,NA,2020-09-29,191,191,191,191,-129
tri00986,2020-06-01,2021-08-15,FALSE,FALSE,FALSE,FALSE,FALSE,NA,NA,NA,NA,NA,440,440,440,440,440
tri00988,2021-04-15,2021-08-15,FALSE,FALSE,FALSE,FALSE,FALSE,NA,NA,NA,NA,NA,122,122,122,122,122
tri00992,2020-11-11,2021-08-15,FALSE,FALSE,FALSE,FALSE,FALSE,NA,NA,NA,NA,NA,277,277,277,277,277
tri00997,2020-09-14,2021-08-15,TRUE,TRUE,FALSE,FALSE,TRUE,2021-02-08,2021-02-08,NA,NA,2020-10-30,147,147,335,335,46
tri01005,2020-10-01,2021-08-15,FALSE,FALSE,FALSE,FALSE,FALSE,NA,NA,NA,NA,NA,318,318,318,318,318
tri01014,2021-03-02,2021-08-15,FALSE,FALSE,FALSE,FALSE,FALSE,NA,NA,NA,NA,NA,166,166,166,166,166
tri01040,2020-09-28,2021-08-15,FALSE,FALSE,FALSE,FALSE,FALSE,NA,NA,NA,NA,NA,321,321,321,321,321
tri01078,2020-04-08,2021-08-15,FALSE,FALSE,FALSE,FALSE,FALSE,NA,NA,NA,NA,NA,494,494,494,494,494
tri01079,2021-06-14,2021-08-15,FALSE,FALSE,FALSE,FALSE,FALSE,NA,NA,NA,NA,NA,62,62,62,62,62
tri01081,2020-06-26,2021-08-15,FALSE,FALSE,FALSE,FALSE,FALSE,NA,NA,NA,NA,NA,415,415,415,415,415
tri01085,2021-03-01,2021-08-15,FALSE,FALSE,FALSE,FALSE,FALSE,NA,NA,NA,NA,NA,167,167,167,167,167
tri01096,2020-12-18,2021-08-15,FALSE,FALSE,FALSE,FALSE,FALSE,NA,NA,NA,NA,NA,240,240,240,240,240
tri01097,2021-03-31,2021-08-15,TRUE,TRUE,FALSE,FALSE,TRUE,2020-10-20,2020-10-20,NA,NA,2020-10-20,-162,-162,137,137,-162
tri01108,2020-12-01,2021-08-15,TRUE,FALSE,TRUE,FALSE,TRUE,2021-01-26,NA,2021-01-26,NA,2021-01-26,56,257,56,257,56
tri01116,2020-09-30,2021-08-15,FALSE,FALSE,FALSE,FALSE,FALSE,NA,NA,NA,NA,NA,319,319,319,319,319
tri01122,2020-11-20,2021-08-15,FALSE,FALSE,FALSE,FALSE,FALSE,NA,NA,NA,NA,NA,268,268,268,268,268
tri01125,2020-07-10,2021-08-15,TRUE,TRUE,FALSE,FALSE,TRUE,2020-11-17,2020-11-17,NA,NA,2020-08-10,130,130,401,401,31
tri01127,2020-06-24,2021-08-15,FALSE,FALSE,FALSE,FALSE,FALSE,NA,NA,NA,NA,NA,417,417,417,417,417
tri01129,2021-03-30,2021-08-15,FALSE,FALSE,FALSE,FALSE,FALSE,NA,NA,NA,NA,NA,138,138,138,138,138
tri01131,2020-09-15,2021-08-15,FALSE,FALSE,FALSE,FALSE,FALSE,NA,NA,NA,NA,NA,334,334,334,334,334
tri01132,2020-10-11,2021-08-15,FALSE,FALSE,FALSE,FALSE,FALSE,NA,NA,NA,NA,NA,308,308,308,308,308
tri01135,2020-07-01,2021-08-15,FALSE,FALSE,FALSE,FALSE,FALSE,NA,NA,NA,NA,NA,410,410,410,410,410
tri01157,2021-03-09,2021-08-15,FALSE,FALSE,FALSE,FALSE,FALSE,NA,NA,NA,NA,NA,159,159,159,159,159
tri01167,2021-02-28,2021-08-15,FALSE,FALSE,FALSE,FALSE,FALSE,NA,NA,NA,NA,NA,168,168,168,168,168
tri01168,2021-03-20,2021-08-15,TRUE,FALSE,TRUE,FALSE,TRUE,2021-07-10,NA,2021-07-10,NA,2021-07-10,112,148,112,148,112
tri01172,2020-11-15,2021-08-15,FALSE,FALSE,FALSE,FALSE,FALSE,NA,NA,NA,NA,NA,273,273,273,273,273
tri01179,2021-06-01,2021-08-15,FALSE,FALSE,FALSE,FALSE,FALSE,NA,NA,NA,NA,NA,75,75,75,75,75
tri01182,2020-10-01,2021-08-15,FALSE,FALSE,FALSE,FALSE,FALSE,NA,NA,NA,NA,NA,318,318,318,318,318
tri01195,2020-10-01,2021-08-15,FALSE,FALSE,FALSE,FALSE,FALSE,NA,NA,NA,NA,NA,318,318,318,318,318
tri01222,2020-12-01,2021-08-15,FALSE,FALSE,FALSE,FALSE,FALSE,NA,NA,NA,NA,NA,257,257,257,257,257
tri01224,2021-03-24,2021-08-15,TRUE,FALSE,TRUE,FALSE,TRUE,2021-07-02,NA,2021-07-02,NA,2021-07-02,100,144,100,144,100
tri01234,2021-05-01,2021-08-15,FALSE,FALSE,FALSE,FALSE,FALSE,NA,NA,NA,NA,NA,106,106,106,106,106
tri01241,2020-06-26,2021-08-15,FALSE,FALSE,FALSE,FALSE,FALSE,NA,NA,NA,NA,NA,415,415,415,415,415
tri01249,2020-09-30,2021-08-15,FALSE,FALSE,FALSE,FALSE,FALSE,NA,NA,NA,NA,NA,319,319,319,319,319
tri01273,2020-08-31,2021-08-15,FALSE,FALSE,FALSE,FALSE,FALSE,NA,NA,NA,NA,NA,349,349,349,349,349
tri01279,2021-04-25,2021-08-15,FALSE,FALSE,FALSE,FALSE,FALSE,NA,NA,NA,NA,NA,112,112,112,112,112
tri01280,2020-11-11,2021-08-15,TRUE,TRUE,TRUE,TRUE,TRUE,2020-09-30,2020-09-30,2021-02-26,2020-12-10,2020-09-30,-42,-42,107,29,-42
tri01281,2021-06-14,2021-08-15,FALSE,FALSE,FALSE,FALSE,FALSE,NA,NA,NA,NA,NA,62,62,62,62,62
tri01290,2020-08-23,2021-08-15,FALSE,FALSE,FALSE,FALSE,FALSE,NA,NA,NA,NA,NA,357,357,357,357,357
tri01301,2020-12-30,2021-08-15,TRUE,TRUE,TRUE,FALSE,TRUE,2021-03-13,2021-05-11,2021-03-13,NA,2021-03-13,73,132,73,228,73
tri01306,2021-05-31,2021-08-15,FALSE,FALSE,FALSE,FALSE,FALSE,NA,NA,NA,NA,NA,76,76,76,76,76
tri01311,2020-07-30,2021-08-15,FALSE,FALSE,FALSE,FALSE,FALSE,NA,NA,NA,NA,NA,381,381,381,381,381
tri01312,2021-03-31,2021-08-15,FALSE,FALSE,FALSE,FALSE,FALSE,NA,NA,NA,NA,NA,137,137,137,137,137
tri01315,2020-04-01,2021-08-15,FALSE,FALSE,FALSE,FALSE,FALSE,NA,NA,NA,NA,NA,501,501,501,501,501
tri01321,2020-10-30,2021-08-15,FALSE,FALSE,FALSE,FALSE,TRUE,NA,NA,NA,NA,2020-10-28,289,289,289,289,-2
tri01332,2021-06-30,2021-08-15,FALSE,FALSE,FALSE,FALSE,TRUE,NA,NA,NA,NA,2020-08-29,46,46,46,46,-305
tri01365,2020-08-27,2021-08-15,FALSE,FALSE,FALSE,FALSE,FALSE,NA,NA,NA,NA,NA,353,353,353,353,353
tri01367,2021-05-01,2021-08-15,FALSE,FALSE,FALSE,FALSE,TRUE,NA,NA,NA,NA,2021-04-07,106,106,106,106,-24
tri01369,2021-06-01,2021-08-15,FALSE,FALSE,FALSE,FALSE,FALSE,NA,NA,NA,NA,NA,75,75,75,75,75
tri01413,2021-06-01,2021-08-15,TRUE,FALSE,TRUE,FALSE,TRUE,2021-04-21,NA,2021-04-21,NA,2021-04-21,-41,75,-41,75,-41
tri01426,2020-08-23,2021-08-15,FALSE,FALSE,FALSE,FALSE,FALSE,NA,NA,NA,NA,NA,357,357,357,357,357
tri01427,2020-10-20,2021-08-15,FALSE,FALSE,FALSE,FALSE,FALSE,NA,NA,NA,NA,NA,299,299,299,299,299
tri01434,2020-11-01,2021-08-15,FALSE,FALSE,FALSE,FALSE,FALSE,NA,NA,NA,NA,NA,287,287,287,287,287
tri01435,2020-09-04,2021-08-15,FALSE,FALSE,FALSE,FALSE,FALSE,NA,NA,NA,NA,NA,345,345,345,345,345
tri01444,2021-03-30,2021-08-15,FALSE,FALSE,FALSE,FALSE,FALSE,NA,NA,NA,NA,NA,138,138,138,138,138
tri01476,2021-05-05,2021-08-15,FALSE,FALSE,FALSE,FALSE,FALSE,NA,NA,NA,NA,NA,102,102,102,102,102
tri01481,2021-06-30,2021-08-15,FALSE,FALSE,FALSE,FALSE,FALSE,NA,NA,NA,NA,NA,46,46,46,46,46
tri01483,2020-09-10,2021-08-15,TRUE,TRUE,FALSE,TRUE,TRUE,2020-09-25,2020-10-08,NA,2020-09-25,2020-05-22,15,28,339,15,-111
tri01485,2020-04-27,2021-08-15,TRUE,TRUE,FALSE,FALSE,TRUE,2020-06-01,2020-06-01,NA,NA,2020-06-01,35,35,475,475,35
tri01486,2020-06-30,2021-08-15,FALSE,FALSE,FALSE,FALSE,FALSE,NA,NA,NA,NA,NA,411,411,411,411,411
tri01489,2021-04-30,2021-08-15,FALSE,FALSE,FALSE,FALSE,FALSE,NA,NA,NA,NA,NA,107,107,107,107,107
tri01492,2020-12-15,2021-08-15,FALSE,FALSE,FALSE,FALSE,FALSE,NA,NA,NA,NA,NA,243,243,243,243,243
tri01496,2021-02-03,2021-08-15,FALSE,FALSE,FALSE,FALSE,FALSE,NA,NA,NA,NA,NA,193,193,193,193,193
tri01497,2021-01-14,2021-08-15,FALSE,FALSE,FALSE,FALSE,FALSE,NA,NA,NA,NA,NA,213,213,213,213,213
tri01500,2021-01-13,2021-08-15,FALSE,FALSE,FALSE,FALSE,FALSE,NA,NA,NA,NA,NA,214,214,214,214,214
tri01528,2020-10-07,2021-08-15,FALSE,FALSE,FALSE,FALSE,FALSE,NA,NA,NA,NA,NA,312,312,312,312,312
tri01552,2021-04-20,2021-08-15,FALSE,FALSE,FALSE,FALSE,FALSE,NA,NA,NA,NA,NA,117,117,117,117,117
tri01559,2020-05-24,2021-08-15,FALSE,FALSE,FALSE,FALSE,FALSE,NA,NA,NA,NA,NA,448,448,448,448,448
tri01560,2020-04-29,2021-08-15,FALSE,FALSE,FALSE,FALSE,FALSE,NA,NA,NA,NA,NA,473,473,473,473,473
tri01564,2021-01-01,2021-08-15,FALSE,FALSE,FALSE,FALSE,FALSE,NA,NA,NA,NA,NA,226,226,226,226,226
tri01577,2021-04-28,2021-08-15,FALSE,FALSE,FALSE,FALSE,FALSE,NA,NA,NA,NA,NA,109,109,109,109,109
tri01580,2020-08-01,2021-08-15,FALSE,FALSE,FALSE,FALSE,FALSE,NA,NA,NA,NA,NA,379,379,379,379,379
tri01583,2020-07-10,2021-08-15,FALSE,FALSE,FALSE,FALSE,FALSE,NA,NA,NA,NA,NA,401,401,401,401,401
tri01592,2020-12-31,2021-08-15,FALSE,FALSE,FALSE,FALSE,FALSE,NA,NA,NA,NA,NA,227,227,227,227,227
tri01598,2021-02-05,2021-08-15,TRUE,TRUE,FALSE,FALSE,TRUE,2021-04-28,2021-04-28,NA,NA,2021-04-28,82,82,191,191,82
tri01742,2020-08-10,2021-08-15,TRUE,TRUE,TRUE,FALSE,TRUE,2020-09-10,2020-10-22,2020-09-10,NA,2020-09-10,31,73,31,370,31
tri01756,2020-08-24,2021-08-15,FALSE,FALSE,FALSE,FALSE,FALSE,NA,NA,NA,NA,NA,356,356,356,356,356
tri01787,2020-06-15,2021-08-15,TRUE,TRUE,FALSE,FALSE,TRUE,2020-11-16,2020-11-16,NA,NA,2020-11-16,154,154,426,426,154
tri01790,2020-06-15,2021-08-15,TRUE,TRUE,FALSE,FALSE,TRUE,2021-03-11,2021-03-11,NA,NA,2021-03-11,269,269,426,426,269
tri01798,2021-02-02,2021-08-15,TRUE,TRUE,FALSE,TRUE,TRUE,2021-06-03,2021-06-03,NA,2021-06-28,2021-06-03,121,121,194,146,121
tri01802,2020-10-12,2021-08-15,FALSE,FALSE,FALSE,FALSE,FALSE,NA,NA,NA,NA,NA,307,307,307,307,307
tri01804,2021-06-01,2021-08-15,FALSE,FALSE,FALSE,FALSE,FALSE,NA,NA,NA,NA,NA,75,75,75,75,75
tri01805,2020-11-17,2021-08-15,FALSE,FALSE,FALSE,FALSE,FALSE,NA,NA,NA,NA,NA,271,271,271,271,271
tri01811,2021-05-01,2021-08-15,FALSE,FALSE,FALSE,FALSE,FALSE,NA,NA,NA,NA,NA,106,106,106,106,106
tri01822,2021-02-23,2021-08-15,FALSE,FALSE,FALSE,FALSE,FALSE,NA,NA,NA,NA,NA,173,173,173,173,173
tri01843,2021-04-01,2021-08-15,FALSE,FALSE,FALSE,FALSE,FALSE,NA,NA,NA,NA,NA,136,136,136,136,136
tri01845,2020-11-26,2021-08-15,TRUE,FALSE,TRUE,FALSE,TRUE,2021-03-31,NA,2021-03-31,NA,2021-03-31,125,262,125,262,125
tri01846,2020-08-01,2021-08-15,FALSE,FALSE,FALSE,FALSE,FALSE,NA,NA,NA,NA,NA,379,379,379,379,379
tri01861,2020-08-28,2021-08-15,TRUE,TRUE,FALSE,FALSE,TRUE,2021-02-03,2021-02-03,NA,NA,2021-02-03,159,159,352,352,159
tri01871,2021-02-20,2021-08-15,FALSE,FALSE,FALSE,FALSE,FALSE,NA,NA,NA,NA,NA,176,176,176,176,176
tri01872,2021-04-06,2021-08-15,TRUE,FALSE,TRUE,FALSE,TRUE,2020-12-02,NA,2020-12-02,NA,2020-12-02,-125,131,-125,131,-125
tri01880,2020-09-24,2021-08-15,TRUE,TRUE,FALSE,FALSE,TRUE,2020-12-08,2020-12-08,NA,NA,2020-12-08,75,75,325,325,75
tri01882,2020-12-10,2021-08-15,FALSE,FALSE,FALSE,FALSE,FALSE,NA,NA,NA,NA,NA,248,248,248,248,248
tri01897,2020-10-31,2021-08-15,FALSE,FALSE,FALSE,FALSE,FALSE,NA,NA,NA,NA,NA,288,288,288,288,288
tri01906,2021-05-10,2021-08-15,FALSE,FALSE,FALSE,FALSE,FALSE,NA,NA,NA,NA,NA,97,97,97,97,97
tri01915,2021-03-30,2021-08-15,FALSE,FALSE,FALSE,FALSE,FALSE,NA,NA,NA,NA,NA,138,138,138,138,138
tri01935,2020-10-15,2021-08-15,FALSE,FALSE,FALSE,FALSE,FALSE,NA,NA,NA,NA,NA,304,304,304,304,304
tri01937,2021-02-17,2021-08-15,FALSE,FALSE,FALSE,FALSE,TRUE,NA,NA,NA,NA,2020-11-12,179,179,179,179,-97
tri01964,2020-11-30,2021-08-15,FALSE,FALSE,FALSE,FALSE,FALSE,NA,NA,NA,NA,NA,258,258,258,258,258
tri01986,2021-05-01,2021-08-15,TRUE,FALSE,TRUE,FALSE,TRUE,2021-06-09,NA,2021-06-09,NA,2021-06-09,39,106,39,106,39
tri01987,2020-12-31,2021-08-15,FALSE,FALSE,FALSE,FALSE,FALSE,NA,NA,NA,NA,NA,227,227,227,227,227
tri02006,2020-12-31,2021-08-15,TRUE,TRUE,FALSE,FALSE,TRUE,2020-11-02,2020-11-02,NA,NA,2020-11-02,-59,-59,227,227,-59
tri02016,2020-12-20,2021-08-15,FALSE,FALSE,FALSE,FALSE,FALSE,NA,NA,NA,NA,NA,238,238,238,238,238
tri02017,2020-06-18,2021-08-15,TRUE,TRUE,TRUE,FALSE,TRUE,2020-10-21,2021-03-31,2020-10-21,NA,2020-10-21,125,286,125,423,125
tri02023,2021-01-31,2021-08-15,TRUE,TRUE,FALSE,FALSE,TRUE,2020-07-20,2020-07-20,NA,NA,2020-07-20,-195,-195,196,196,-195
tri02029,2020-08-25,2021-08-15,TRUE,FALSE,TRUE,FALSE,TRUE,2021-05-17,NA,2021-05-17,NA,2021-05-17,265,355,265,355,265
tri02030,2021-06-01,2021-08-15,FALSE,FALSE,FALSE,FALSE,FALSE,NA,NA,NA,NA,NA,75,75,75,75,75
tri02033,2021-05-25,2021-08-15,FALSE,FALSE,FALSE,FALSE,FALSE,NA,NA,NA,NA,NA,82,82,82,82,82
tri02037,2020-12-01,2021-08-15,FALSE,FALSE,FALSE,FALSE,FALSE,NA,NA,NA,NA,NA,257,257,257,257,257
tri02054,2020-09-30,2021-08-15,FALSE,FALSE,FALSE,FALSE,FALSE,NA,NA,NA,NA,NA,319,319,319,319,319
tri02056,2020-09-01,2021-08-15,FALSE,FALSE,FALSE,FALSE,FALSE,NA,NA,NA,NA,NA,348,348,348,348,348
tri02073,2020-11-01,2021-08-15,TRUE,FALSE,FALSE,TRUE,TRUE,2021-04-20,NA,NA,2021-04-20,2021-04-20,170,287,287,170,170
tri02091,2021-04-15,2021-08-15,FALSE,FALSE,FALSE,FALSE,FALSE,NA,NA,NA,NA,NA,122,122,122,122,122
tri02099,2020-08-20,2021-08-15,TRUE,TRUE,FALSE,TRUE,TRUE,2020-11-12,2020-11-12,NA,2021-07-09,2020-11-12,84,84,360,323,84
tri02100,2020-12-31,2021-08-15,FALSE,FALSE,FALSE,FALSE,TRUE,NA,NA,NA,NA,2020-12-26,227,227,227,227,-5
tri02138,2021-06-01,2021-08-15,FALSE,FALSE,FALSE,FALSE,FALSE,NA,NA,NA,NA,NA,75,75,75,75,75
tri02141,2020-12-31,2021-08-15,FALSE,FALSE,FALSE,FALSE,FALSE,NA,NA,NA,NA,NA,227,227,227,227,227
tri02142,2021-04-16,2021-08-15,FALSE,FALSE,FALSE,FALSE,FALSE,NA,NA,NA,NA,NA,121,121,121,121,121
tri02143,2020-06-30,2021-08-15,FALSE,FALSE,FALSE,FALSE,FALSE,NA,NA,NA,NA,NA,411,411,411,411,411
tri02157,2020-08-01,2021-08-15,FALSE,FALSE,FALSE,FALSE,FALSE,NA,NA,NA,NA,NA,379,379,379,379,379
tri02168,2021-03-01,2021-08-15,FALSE,FALSE,FALSE,FALSE,FALSE,NA,NA,NA,NA,NA,167,167,167,167,167
tri02175,2021-04-30,2021-08-15,FALSE,FALSE,FALSE,FALSE,FALSE,NA,NA,NA,NA,NA,107,107,107,107,107
tri02225,2020-04-27,2021-08-15,FALSE,FALSE,FALSE,FALSE,FALSE,NA,NA,NA,NA,NA,475,475,475,475,475
tri02228,2021-05-04,2021-08-15,FALSE,FALSE,FALSE,FALSE,FALSE,NA,NA,NA,NA,NA,103,103,103,103,103
tri02244,2020-06-14,2021-08-15,TRUE,TRUE,FALSE,FALSE,TRUE,2020-09-04,2020-09-04,NA,NA,2020-09-04,82,82,427,427,82
tri02251,2020-11-01,2021-08-15,FALSE,FALSE,FALSE,FALSE,FALSE,NA,NA,NA,NA,NA,287,287,287,287,287
tri02252,2021-05-01,2021-08-15,FALSE,FALSE,FALSE,FALSE,FALSE,NA,NA,NA,NA,NA,106,106,106,106,106
tri02266,2021-02-12,2021-08-15,FALSE,FALSE,FALSE,FALSE,FALSE,NA,NA,NA,NA,NA,184,184,184,184,184
tri02269,2021-04-05,2021-08-15,FALSE,FALSE,FALSE,FALSE,FALSE,NA,NA,NA,NA,NA,132,132,132,132,132
tri02284,2021-01-07,2021-08-15,FALSE,FALSE,FALSE,FALSE,FALSE,NA,NA,NA,NA,NA,220,220,220,220,220
tri02290,2021-03-01,2021-08-15,FALSE,FALSE,FALSE,FALSE,FALSE,NA,NA,NA,NA,NA,167,167,167,167,167
tri02297,2020-12-31,2021-08-15,TRUE,TRUE,FALSE,TRUE,TRUE,2021-05-26,2021-08-15,NA,2021-05-26,2020-08-03,146,227,227,146,-150
tri02303,2021-06-01,2021-08-15,FALSE,FALSE,FALSE,FALSE,FALSE,NA,NA,NA,NA,NA,75,75,75,75,75
tri02323,2020-10-20,2021-08-15,FALSE,FALSE,FALSE,FALSE,FALSE,NA,NA,NA,NA,NA,299,299,299,299,299
tri02325,2021-06-30,2021-08-15,FALSE,FALSE,FALSE,FALSE,FALSE,NA,NA,NA,NA,NA,46,46,46,46,46
tri02327,2020-07-13,2021-08-15,TRUE,TRUE,TRUE,TRUE,TRUE,2020-09-21,2020-10-17,2020-09-21,2021-06-30,2020-09-21,70,96,70,352,70
tri02329,2021-05-25,2021-08-15,FALSE,FALSE,FALSE,FALSE,FALSE,NA,NA,NA,NA,NA,82,82,82,82,82
tri02333,2021-06-15,2021-08-15,FALSE,FALSE,FALSE,FALSE,FALSE,NA,NA,NA,NA,NA,61,61,61,61,61
tri02335,2020-12-01,2021-08-15,FALSE,FALSE,FALSE,FALSE,TRUE,NA,NA,NA,NA,2020-12-09,257,257,257,257,8
tri02344,2021-01-01,2021-08-15,TRUE,TRUE,TRUE,FALSE,TRUE,2021-05-14,2021-06-30,2021-05-14,NA,2020-08-06,133,180,133,226,-148
tri02374,2020-07-08,2021-08-15,TRUE,TRUE,FALSE,FALSE,TRUE,2020-01-20,2020-01-20,NA,NA,2020-01-20,-170,-170,403,403,-170
tri02380,2020-11-15,2021-08-15,FALSE,FALSE,FALSE,FALSE,FALSE,NA,NA,NA,NA,NA,273,273,273,273,273
tri02384,2020-12-21,2021-08-15,TRUE,TRUE,FALSE,FALSE,TRUE,2021-03-04,2021-03-04,NA,NA,2021-03-04,73,73,237,237,73
tri02391,2020-12-31,2021-08-15,TRUE,TRUE,FALSE,FALSE,TRUE,2021-03-04,2021-03-04,NA,NA,2021-03-04,63,63,227,227,63
tri02393,2021-06-01,2021-08-15,FALSE,FALSE,FALSE,FALSE,FALSE,NA,NA,NA,NA,NA,75,75,75,75,75
tri02412,2021-06-01,2021-08-15,FALSE,FALSE,FALSE,FALSE,FALSE,NA,NA,NA,NA,NA,75,75,75,75,75
tri02438,2020-10-08,2021-08-15,FALSE,FALSE,FALSE,FALSE,FALSE,NA,NA,NA,NA,NA,311,311,311,311,311
tri02445,2020-06-26,2021-08-15,TRUE,TRUE,FALSE,TRUE,TRUE,2020-08-21,2020-08-21,NA,2021-01-26,2020-08-21,56,56,415,214,56
tri02446,2020-06-30,2021-08-15,TRUE,TRUE,FALSE,TRUE,TRUE,2020-05-27,2020-05-27,NA,2020-12-31,2020-05-27,-34,-34,411,184,-34
tri02447,2020-06-24,2021-08-15,TRUE,TRUE,TRUE,TRUE,TRUE,2020-09-01,2021-02-25,2020-09-01,2021-06-30,2020-09-01,69,246,69,371,69
tri02448,2020-08-30,2021-08-15,TRUE,TRUE,FALSE,FALSE,TRUE,2020-07-23,2020-07-23,NA,NA,2020-07-23,-38,-38,350,350,-38
tri02457,2021-06-01,2021-08-15,FALSE,FALSE,FALSE,FALSE,FALSE,NA,NA,NA,NA,NA,75,75,75,75,75
tri02462,2020-12-01,2021-08-15,FALSE,FALSE,FALSE,FALSE,FALSE,NA,NA,NA,NA,NA,257,257,257,257,257
tri02467,2020-08-12,2021-08-15,FALSE,FALSE,FALSE,FALSE,FALSE,NA,NA,NA,NA,NA,368,368,368,368,368
tri02468,2021-06-01,2021-08-15,FALSE,FALSE,FALSE,FALSE,FALSE,NA,NA,NA,NA,NA,75,75,75,75,75
tri02471,2021-02-01,2021-08-15,FALSE,FALSE,FALSE,FALSE,FALSE,NA,NA,NA,NA,NA,195,195,195,195,195
tri02480,2021-02-22,2021-08-15,FALSE,FALSE,FALSE,FALSE,FALSE,NA,NA,NA,NA,NA,174,174,174,174,174
tri02482,2020-10-01,2021-08-15,FALSE,FALSE,FALSE,FALSE,FALSE,NA,NA,NA,NA,NA,318,318,318,318,318
tri02486,2021-04-01,2021-08-15,FALSE,FALSE,FALSE,FALSE,FALSE,NA,NA,NA,NA,NA,136,136,136,136,136
tri02501,2021-05-01,2021-08-15,FALSE,FALSE,FALSE,FALSE,FALSE,NA,NA,NA,NA,NA,106,106,106,106,106
tri02513,2020-07-31,2021-08-15,TRUE,TRUE,FALSE,FALSE,TRUE,2020-11-06,2020-11-06,NA,NA,2020-11-06,98,98,380,380,98
tri02518,2021-01-12,2021-08-15,FALSE,FALSE,FALSE,FALSE,FALSE,NA,NA,NA,NA,NA,215,215,215,215,215
tri02529,2021-03-15,2021-08-15,FALSE,FALSE,FALSE,FALSE,FALSE,NA,NA,NA,NA,NA,153,153,153,153,153
tri02532,2020-12-01,2021-08-15,FALSE,FALSE,FALSE,FALSE,FALSE,NA,NA,NA,NA,NA,257,257,257,257,257
tri02535,2021-05-13,2021-08-15,FALSE,FALSE,FALSE,FALSE,FALSE,NA,NA,NA,NA,NA,94,94,94,94,94
tri02539,2020-12-31,2021-08-15,FALSE,FALSE,FALSE,FALSE,FALSE,NA,NA,NA,NA,NA,227,227,227,227,227
tri02543,2021-03-02,2021-08-15,FALSE,FALSE,FALSE,FALSE,FALSE,NA,NA,NA,NA,NA,166,166,166,166,166
tri02556,2021-02-22,2021-08-15,TRUE,FALSE,TRUE,FALSE,TRUE,2021-05-11,NA,2021-05-11,NA,2021-05-11,78,174,78,174,78
tri02559,2020-07-22,2021-08-15,TRUE,TRUE,FALSE,FALSE,TRUE,2020-09-02,2020-09-02,NA,NA,2020-09-02,42,42,389,389,42
tri02569,2021-06-30,2021-08-15,FALSE,FALSE,FALSE,FALSE,FALSE,NA,NA,NA,NA,NA,46,46,46,46,46
tri02577,2020-11-02,2021-08-15,TRUE,TRUE,FALSE,FALSE,TRUE,2021-06-18,2021-06-18,NA,NA,2020-08-11,228,228,286,286,-83
tri02581,2021-03-29,2021-08-15,FALSE,FALSE,FALSE,FALSE,FALSE,NA,NA,NA,NA,NA,139,139,139,139,139
tri02586,2021-05-01,2021-08-15,TRUE,TRUE,FALSE,FALSE,TRUE,2021-08-04,2021-08-04,NA,NA,2021-08-04,95,95,106,106,95
tri02597,2020-08-01,2021-08-15,FALSE,FALSE,FALSE,FALSE,FALSE,NA,NA,NA,NA,NA,379,379,379,379,379
tri02612,2021-05-15,2021-08-15,FALSE,FALSE,FALSE,FALSE,FALSE,NA,NA,NA,NA,NA,92,92,92,92,92
tri02619,2020-09-01,2021-08-15,TRUE,TRUE,FALSE,FALSE,TRUE,2020-11-09,2020-11-09,NA,NA,2020-10-06,69,69,348,348,35
tri02626,2021-06-15,2021-08-15,FALSE,FALSE,FALSE,FALSE,FALSE,NA,NA,NA,NA,NA,61,61,61,61,61
tri02631,2020-08-15,2021-08-15,FALSE,FALSE,FALSE,FALSE,FALSE,NA,NA,NA,NA,NA,365,365,365,365,365
tri02635,2021-06-01,2021-08-15,FALSE,FALSE,FALSE,FALSE,FALSE,NA,NA,NA,NA,NA,75,75,75,75,75
tri02637,2020-11-15,2021-08-15,FALSE,FALSE,FALSE,FALSE,FALSE,NA,NA,NA,NA,NA,273,273,273,273,273
tri02655,2021-05-14,2021-08-15,FALSE,FALSE,FALSE,FALSE,FALSE,NA,NA,NA,NA,NA,93,93,93,93,93
tri02672,2020-12-16,2021-08-15,FALSE,FALSE,FALSE,FALSE,FALSE,NA,NA,NA,NA,NA,242,242,242,242,242
tri02674,2020-06-25,2021-08-15,TRUE,FALSE,FALSE,TRUE,TRUE,2020-10-24,NA,NA,2020-10-24,2020-10-24,121,416,416,121,121
tri02778,2020-08-20,2021-08-15,TRUE,TRUE,FALSE,FALSE,TRUE,2021-03-11,2021-03-11,NA,NA,2021-03-11,203,203,360,360,203
tri02779,2021-01-14,2021-08-15,FALSE,FALSE,FALSE,FALSE,FALSE,NA,NA,NA,NA,NA,213,213,213,213,213
tri02875,2021-04-14,2021-08-15,FALSE,FALSE,FALSE,FALSE,FALSE,NA,NA,NA,NA,NA,123,123,123,123,123
tri02882,2021-01-15,2021-08-15,FALSE,FALSE,FALSE,FALSE,FALSE,NA,NA,NA,NA,NA,212,212,212,212,212
tri02888,2020-07-15,2021-08-15,FALSE,FALSE,FALSE,FALSE,FALSE,NA,NA,NA,NA,NA,396,396,396,396,396
tri02908,2020-07-30,2021-08-15,FALSE,FALSE,FALSE,FALSE,TRUE,NA,NA,NA,NA,2020-08-04,381,381,381,381,5
tri02910,2021-01-15,2021-08-15,TRUE,TRUE,FALSE,TRUE,TRUE,2020-09-09,2021-01-29,NA,2020-09-09,2020-09-09,-128,14,212,-128,-128
tri02929,2020-07-31,2021-08-15,FALSE,FALSE,FALSE,FALSE,FALSE,NA,NA,NA,NA,NA,380,380,380,380,380
tri02933,2020-07-24,2021-08-15,TRUE,FALSE,TRUE,FALSE,TRUE,2021-05-14,NA,2021-05-14,NA,2021-05-14,294,387,294,387,294
tri02943,2020-08-30,2021-08-15,TRUE,FALSE,TRUE,FALSE,TRUE,2020-11-03,NA,2020-11-03,NA,2020-11-03,65,350,65,350,65
tri02944,2021-03-05,2021-08-15,TRUE,FALSE,TRUE,FALSE,TRUE,2021-07-03,NA,2021-07-03,NA,2021-07-03,120,163,120,163,120
tri02957,2020-10-25,2021-08-15,TRUE,FALSE,TRUE,FALSE,TRUE,2020-11-28,NA,2020-11-28,NA,2020-11-28,34,294,34,294,34
tri02964,2021-01-29,2021-08-15,TRUE,TRUE,TRUE,FALSE,TRUE,2021-04-15,2021-07-09,2021-04-15,NA,2021-04-15,76,161,76,198,76
tri02970,2021-05-14,2021-08-15,FALSE,FALSE,FALSE,FALSE,FALSE,NA,NA,NA,NA,NA,93,93,93,93,93
tri02973,2021-02-01,2021-08-15,TRUE,TRUE,FALSE,FALSE,TRUE,2021-04-22,2021-04-22,NA,NA,2021-04-22,80,80,195,195,80
tri02982,2021-01-12,2021-08-15,TRUE,TRUE,TRUE,FALSE,TRUE,2021-02-08,2021-04-09,2021-02-08,NA,2021-02-08,27,87,27,215,27
tri03009,2020-09-01,2021-08-15,FALSE,FALSE,FALSE,FALSE,FALSE,NA,NA,NA,NA,NA,348,348,348,348,348
tri03026,2020-12-18,2021-08-15,TRUE,TRUE,TRUE,FALSE,TRUE,2021-01-27,2021-05-27,2021-01-27,NA,2021-01-27,40,160,40,240,40
tri03029,2020-11-11,2021-08-15,FALSE,FALSE,FALSE,FALSE,FALSE,NA,NA,NA,NA,NA,277,277,277,277,277
tri03030,2021-05-25,2021-08-15,FALSE,FALSE,FALSE,FALSE,FALSE,NA,NA,NA,NA,NA,82,82,82,82,82
tri03044,2021-04-16,2021-08-15,FALSE,FALSE,FALSE,FALSE,FALSE,NA,NA,NA,NA,NA,121,121,121,121,121
tri03046,2021-06-15,2021-08-15,FALSE,FALSE,FALSE,FALSE,FALSE,NA,NA,NA,NA,NA,61,61,61,61,61
tri03049,2021-03-01,2021-08-15,TRUE,FALSE,TRUE,FALSE,TRUE,2021-05-05,NA,2021-05-05,NA,2021-05-05,65,167,65,167,65
tri03051,2021-02-16,2021-08-15,TRUE,TRUE,FALSE,FALSE,TRUE,2021-06-11,2021-06-11,NA,NA,2021-06-11,115,115,180,180,115
tri03057,2020-12-22,2021-08-15,TRUE,TRUE,FALSE,TRUE,TRUE,2020-08-16,2021-07-20,NA,2020-08-16,2020-08-16,-128,210,236,-128,-128
tri03067,2021-01-05,2021-08-15,FALSE,FALSE,FALSE,FALSE,FALSE,NA,NA,NA,NA,NA,222,222,222,222,222
tri03069,2021-04-09,2021-08-15,FALSE,FALSE,FALSE,FALSE,FALSE,NA,NA,NA,NA,NA,128,128,128,128,128
tri03075,2020-11-15,2021-08-15,FALSE,FALSE,FALSE,FALSE,FALSE,NA,NA,NA,NA,NA,273,273,273,273,273
tri03077,2021-05-01,2021-08-15,FALSE,FALSE,FALSE,FALSE,FALSE,NA,NA,NA,NA,NA,106,106,106,106,106
tri03081,2020-11-06,2021-08-15,TRUE,FALSE,TRUE,FALSE,TRUE,2021-02-23,NA,2021-02-23,NA,2021-02-23,109,282,109,282,109
tri03102,2021-03-31,2021-08-15,FALSE,FALSE,FALSE,FALSE,FALSE,NA,NA,NA,NA,NA,137,137,137,137,137
tri03116,2021-04-01,2021-08-15,FALSE,FALSE,FALSE,FALSE,FALSE,NA,NA,NA,NA,NA,136,136,136,136,136
tri03124,2021-05-01,2021-08-15,FALSE,FALSE,FALSE,FALSE,FALSE,NA,NA,NA,NA,NA,106,106,106,106,106
tri03130,2021-02-15,2021-08-15,FALSE,FALSE,FALSE,FALSE,FALSE,NA,NA,NA,NA,NA,181,181,181,181,181
tri03136,2021-02-01,2021-08-15,FALSE,FALSE,FALSE,FALSE,FALSE,NA,NA,NA,NA,NA,195,195,195,195,195
tri03138,2020-12-15,2021-08-15,FALSE,FALSE,FALSE,FALSE,FALSE,NA,NA,NA,NA,NA,243,243,243,243,243
tri03156,2021-03-31,2021-08-15,FALSE,FALSE,FALSE,FALSE,FALSE,NA,NA,NA,NA,NA,137,137,137,137,137
tri03163,2021-04-30,2021-08-15,FALSE,FALSE,FALSE,FALSE,FALSE,NA,NA,NA,NA,NA,107,107,107,107,107
tri03164,2021-04-30,2021-08-15,FALSE,FALSE,FALSE,FALSE,FALSE,NA,NA,NA,NA,NA,107,107,107,107,107
tri03183,2020-06-10,2021-08-15,TRUE,TRUE,TRUE,TRUE,TRUE,2020-12-10,2021-03-19,2020-12-10,2021-01-03,2020-12-10,183,282,183,207,183
tri03196,2021-02-01,2021-08-15,TRUE,TRUE,TRUE,FALSE,TRUE,2021-02-17,2021-06-17,2021-02-17,NA,2021-02-17,16,136,16,195,16
tri03197,2021-02-01,2021-08-15,FALSE,FALSE,FALSE,FALSE,FALSE,NA,NA,NA,NA,NA,195,195,195,195,195
tri03199,2021-06-01,2021-08-15,FALSE,FALSE,FALSE,FALSE,FALSE,NA,NA,NA,NA,NA,75,75,75,75,75
tri03204,2020-10-01,2021-08-15,FALSE,FALSE,FALSE,FALSE,FALSE,NA,NA,NA,NA,NA,318,318,318,318,318
tri03208,2020-09-07,2021-08-15,FALSE,FALSE,FALSE,FALSE,FALSE,NA,NA,NA,NA,NA,342,342,342,342,342
tri03212,2020-12-24,2021-08-15,FALSE,FALSE,FALSE,FALSE,FALSE,NA,NA,NA,NA,NA,234,234,234,234,234
tri03223,2020-07-03,2021-08-15,FALSE,FALSE,FALSE,FALSE,FALSE,NA,NA,NA,NA,NA,408,408,408,408,408
tri03244,2020-09-01,2021-08-15,FALSE,FALSE,FALSE,FALSE,FALSE,NA,NA,NA,NA,NA,348,348,348,348,348
tri03253,2020-12-07,2021-08-15,FALSE,FALSE,FALSE,FALSE,FALSE,NA,NA,NA,NA,NA,251,251,251,251,251
tri03265,2021-03-03,2021-08-15,FALSE,FALSE,FALSE,FALSE,FALSE,NA,NA,NA,NA,NA,165,165,165,165,165
tri03275,2020-05-12,2021-08-15,TRUE,TRUE,TRUE,FALSE,TRUE,2020-10-14,2021-02-10,2020-10-14,NA,2020-10-14,155,274,155,460,155
tri03276,2020-06-15,2021-08-15,TRUE,TRUE,TRUE,FALSE,TRUE,2020-07-16,2020-07-16,2020-07-16,NA,2020-07-16,31,31,31,426,31
tri03277,2020-05-20,2021-08-15,TRUE,TRUE,FALSE,TRUE,TRUE,2020-06-03,2020-06-03,NA,2021-05-13,2020-06-03,14,14,452,358,14
tri03289,2021-03-30,2021-08-15,FALSE,FALSE,FALSE,FALSE,FALSE,NA,NA,NA,NA,NA,138,138,138,138,138
tri03291,2020-07-20,2021-08-15,TRUE,TRUE,FALSE,FALSE,TRUE,2021-06-18,2021-06-18,NA,NA,2021-06-18,333,333,391,391,333
tri03293,2020-08-14,2021-08-15,TRUE,TRUE,TRUE,TRUE,TRUE,2020-11-23,2021-03-30,2020-11-23,2021-04-22,2020-11-23,101,228,101,251,101
tri03294,2020-06-19,2021-08-15,TRUE,TRUE,FALSE,TRUE,TRUE,2020-11-09,2020-11-09,NA,2021-03-17,2020-11-09,143,143,422,271,143
tri03295,2020-12-26,2021-08-15,TRUE,FALSE,FALSE,TRUE,TRUE,2021-08-02,NA,NA,2021-08-02,2021-08-02,219,232,232,219,219
tri03296,2021-01-31,2021-08-15,FALSE,FALSE,FALSE,FALSE,FALSE,NA,NA,NA,NA,NA,196,196,196,196,196
tri03300,2021-06-01,2021-08-15,FALSE,FALSE,FALSE,FALSE,FALSE,NA,NA,NA,NA,NA,75,75,75,75,75
tri03303,2020-06-16,2021-08-15,TRUE,TRUE,FALSE,FALSE,TRUE,2020-08-12,2020-08-12,NA,NA,2020-08-12,57,57,425,425,57
tri03309,2020-06-06,2021-08-15,TRUE,TRUE,FALSE,FALSE,TRUE,2020-10-20,2020-10-20,NA,NA,2020-10-20,136,136,435,435,136
tri03312,2020-06-01,2021-08-15,TRUE,TRUE,TRUE,FALSE,TRUE,2020-09-29,2021-03-31,2020-09-29,NA,2020-09-29,120,303,120,440,120
tri03313,2021-04-01,2021-08-15,TRUE,TRUE,FALSE,FALSE,TRUE,2021-07-21,2021-07-21,NA,NA,2021-07-21,111,111,136,136,111
tri03316,2021-06-01,2021-08-15,FALSE,FALSE,FALSE,FALSE,FALSE,NA,NA,NA,NA,NA,75,75,75,75,75
tri03317,2021-05-31,2021-08-15,FALSE,FALSE,FALSE,FALSE,FALSE,NA,NA,NA,NA,NA,76,76,76,76,76
tri03323,2020-10-01,2021-08-15,FALSE,FALSE,FALSE,FALSE,FALSE,NA,NA,NA,NA,NA,318,318,318,318,318
tri03325,2021-03-29,2021-08-15,FALSE,FALSE,FALSE,FALSE,FALSE,NA,NA,NA,NA,NA,139,139,139,139,139
tri03327,2020-07-13,2021-08-15,TRUE,TRUE,FALSE,TRUE,TRUE,2020-07-27,2020-10-21,NA,2020-07-27,2020-07-27,14,100,398,14,14
tri03328,2020-12-31,2021-08-15,FALSE,FALSE,FALSE,FALSE,FALSE,NA,NA,NA,NA,NA,227,227,227,227,227
tri03337,2021-04-16,2021-08-15,TRUE,TRUE,TRUE,FALSE,TRUE,2021-05-05,2021-07-18,2021-05-05,NA,2021-05-05,19,93,19,121,19
tri03340,2020-10-17,2021-08-15,TRUE,FALSE,FALSE,TRUE,TRUE,2021-06-02,NA,NA,2021-06-02,2021-06-02,228,302,302,228,228
tri03343,2021-03-01,2021-08-15,TRUE,TRUE,FALSE,FALSE,TRUE,2021-05-20,2021-05-20,NA,NA,2021-05-20,80,80,167,167,80
tri03346,2021-06-01,2021-08-15,FALSE,FALSE,FALSE,FALSE,FALSE,NA,NA,NA,NA,NA,75,75,75,75,75
tri03347,2021-03-29,2021-08-15,FALSE,FALSE,FALSE,FALSE,FALSE,NA,NA,NA,NA,NA,139,139,139,139,139
tri03348,2021-06-30,2021-08-15,FALSE,FALSE,FALSE,FALSE,FALSE,NA,NA,NA,NA,NA,46,46,46,46,46
tri03358,2021-04-01,2021-08-15,TRUE,TRUE,FALSE,FALSE,TRUE,2020-09-23,2020-09-23,NA,NA,2020-09-23,-190,-190,136,136,-190
tri03361,2021-01-14,2021-08-15,FALSE,FALSE,FALSE,FALSE,FALSE,NA,NA,NA,NA,NA,213,213,213,213,213
tri03366,2020-08-18,2021-08-15,TRUE,TRUE,TRUE,FALSE,TRUE,2020-10-23,2020-12-17,2020-10-23,NA,2020-10-23,66,121,66,362,66
tri03369,2021-06-25,2021-08-15,FALSE,FALSE,FALSE,FALSE,FALSE,NA,NA,NA,NA,NA,51,51,51,51,51
tri03378,2021-02-26,2021-08-15,FALSE,FALSE,FALSE,FALSE,FALSE,NA,NA,NA,NA,NA,170,170,170,170,170
tri03382,2021-01-06,2021-08-15,FALSE,FALSE,FALSE,FALSE,FALSE,NA,NA,NA,NA,NA,221,221,221,221,221
tri03390,2021-01-02,2021-08-15,FALSE,FALSE,FALSE,FALSE,FALSE,NA,NA,NA,NA,NA,225,225,225,225,225
tri03392,2021-04-14,2021-08-15,FALSE,FALSE,FALSE,FALSE,FALSE,NA,NA,NA,NA,NA,123,123,123,123,123
tri03405,2021-06-30,2021-08-15,FALSE,FALSE,FALSE,FALSE,FALSE,NA,NA,NA,NA,NA,46,46,46,46,46
tri03406,2021-03-26,2021-08-15,TRUE,TRUE,FALSE,FALSE,TRUE,2021-06-04,2021-06-04,NA,NA,2021-06-04,70,70,142,142,70
tri03412,2021-06-08,2021-08-15,FALSE,FALSE,FALSE,FALSE,FALSE,NA,NA,NA,NA,NA,68,68,68,68,68
tri03419,2021-04-21,2021-08-15,FALSE,FALSE,FALSE,FALSE,TRUE,NA,NA,NA,NA,2021-03-12,116,116,116,116,-40
tri03423,2021-02-21,2021-08-15,TRUE,FALSE,TRUE,FALSE,TRUE,2021-06-17,NA,2021-06-17,NA,2021-06-17,116,175,116,175,116
tri03426,2020-12-01,2021-08-15,FALSE,FALSE,FALSE,FALSE,FALSE,NA,NA,NA,NA,NA,257,257,257,257,257
tri03434,2021-02-01,2021-08-15,FALSE,FALSE,FALSE,FALSE,FALSE,NA,NA,NA,NA,NA,195,195,195,195,195
tri03440,2021-05-17,2021-08-15,FALSE,FALSE,FALSE,FALSE,FALSE,NA,NA,NA,NA,NA,90,90,90,90,90
tri03444,2021-04-28,2021-08-15,TRUE,FALSE,TRUE,FALSE,TRUE,2021-05-24,NA,2021-05-24,NA,2021-05-24,26,109,26,109,26
tri03451,2020-08-20,2021-08-15,TRUE,TRUE,FALSE,FALSE,TRUE,2021-04-27,2021-04-27,NA,NA,2021-04-27,250,250,360,360,250
tri03455,2021-02-12,2021-08-15,TRUE,FALSE,TRUE,FALSE,TRUE,2021-05-03,NA,2021-05-03,NA,2021-05-03,80,184,80,184,80
tri03456,2020-12-28,2021-08-15,FALSE,FALSE,FALSE,FALSE,FALSE,NA,NA,NA,NA,NA,230,230,230,230,230
tri03458,2020-07-14,2021-08-15,TRUE,TRUE,FALSE,TRUE,TRUE,2020-08-27,2021-02-01,NA,2020-08-27,2020-08-27,44,202,397,44,44
tri03462,2021-06-18,2021-08-15,FALSE,FALSE,FALSE,FALSE,TRUE,NA,NA,NA,NA,2020-12-17,58,58,58,58,-183
tri03467,2021-05-07,2021-08-15,FALSE,FALSE,FALSE,FALSE,FALSE,NA,NA,NA,NA,NA,100,100,100,100,100
tri03468,2020-10-30,2021-08-15,FALSE,FALSE,FALSE,FALSE,FALSE,NA,NA,NA,NA,NA,289,289,289,289,289
tri03470,2020-09-20,2021-08-15,TRUE,TRUE,FALSE,FALSE,TRUE,2021-07-14,2021-07-14,NA,NA,2020-10-28,297,297,329,329,38
tri03489,2020-12-01,2021-08-15,FALSE,FALSE,FALSE,FALSE,FALSE,NA,NA,NA,NA,NA,257,257,257,257,257
tri03499,2021-02-22,2021-08-15,TRUE,FALSE,TRUE,FALSE,TRUE,2021-05-10,NA,2021-05-10,NA,2021-05-10,77,174,77,174,77
tri03502,2020-07-01,2021-08-15,FALSE,FALSE,FALSE,FALSE,TRUE,NA,NA,NA,NA,2020-08-05,410,410,410,410,35
tri03514,2020-08-01,2021-08-15,FALSE,FALSE,FALSE,FALSE,FALSE,NA,NA,NA,NA,NA,379,379,379,379,379
tri03536,2020-08-12,2021-08-15,FALSE,FALSE,FALSE,FALSE,FALSE,NA,NA,NA,NA,NA,368,368,368,368,368
tri03556,2020-11-30,2021-08-15,FALSE,FALSE,FALSE,FALSE,FALSE,NA,NA,NA,NA,NA,258,258,258,258,258
tri03557,2020-09-01,2021-08-15,FALSE,FALSE,FALSE,FALSE,FALSE,NA,NA,NA,NA,NA,348,348,348,348,348
tri03587,2020-10-01,2021-08-15,FALSE,FALSE,FALSE,FALSE,FALSE,NA,NA,NA,NA,NA,318,318,318,318,318
tri03591,2021-03-31,2021-08-15,FALSE,FALSE,FALSE,FALSE,FALSE,NA,NA,NA,NA,NA,137,137,137,137,137
tri03602,2020-12-01,2021-08-15,FALSE,FALSE,FALSE,FALSE,TRUE,NA,NA,NA,NA,2020-12-08,257,257,257,257,7
tri03612,2020-12-23,2021-08-15,FALSE,FALSE,FALSE,FALSE,FALSE,NA,NA,NA,NA,NA,235,235,235,235,235
tri03614,2020-07-30,2021-08-15,FALSE,FALSE,FALSE,FALSE,FALSE,NA,NA,NA,NA,NA,381,381,381,381,381
tri03624,2020-11-01,2021-08-15,FALSE,FALSE,FALSE,FALSE,FALSE,NA,NA,NA,NA,NA,287,287,287,287,287
tri03629,2020-10-01,2021-08-15,FALSE,FALSE,FALSE,FALSE,FALSE,NA,NA,NA,NA,NA,318,318,318,318,318
tri03631,2020-09-28,2021-08-15,FALSE,FALSE,FALSE,FALSE,FALSE,NA,NA,NA,NA,NA,321,321,321,321,321
tri03634,2020-08-31,2021-08-15,TRUE,TRUE,FALSE,FALSE,TRUE,2021-04-20,2021-04-20,NA,NA,2021-04-20,232,232,349,349,232
tri03638,2021-03-31,2021-08-15,FALSE,FALSE,FALSE,FALSE,FALSE,NA,NA,NA,NA,NA,137,137,137,137,137
tri03644,2020-12-01,2021-08-15,FALSE,FALSE,FALSE,FALSE,FALSE,NA,NA,NA,NA,NA,257,257,257,257,257
tri03650,2021-03-01,2021-08-15,FALSE,FALSE,FALSE,FALSE,FALSE,NA,NA,NA,NA,NA,167,167,167,167,167
tri03747,2020-09-03,2021-08-15,FALSE,FALSE,FALSE,FALSE,FALSE,NA,NA,NA,NA,NA,346,346,346,346,346
tri03748,2020-09-02,2021-08-15,TRUE,TRUE,TRUE,FALSE,TRUE,2021-02-03,2021-03-04,2021-02-03,NA,2021-02-03,154,183,154,347,154
tri03964,2020-07-05,2021-08-15,FALSE,FALSE,FALSE,FALSE,FALSE,NA,NA,NA,NA,NA,406,406,406,406,406
tri03979,2021-01-30,2021-08-15,FALSE,FALSE,FALSE,FALSE,FALSE,NA,NA,NA,NA,NA,197,197,197,197,197
tri04042,2021-03-30,2021-08-15,FALSE,FALSE,FALSE,FALSE,FALSE,NA,NA,NA,NA,NA,138,138,138,138,138
tri04160,2020-12-31,2021-08-15,FALSE,FALSE,FALSE,FALSE,FALSE,NA,NA,NA,NA,NA,227,227,227,227,227
tri04173,2021-04-24,2021-08-15,FALSE,FALSE,FALSE,FALSE,FALSE,NA,NA,NA,NA,NA,113,113,113,113,113
tri04202,2021-03-05,2021-08-15,FALSE,FALSE,FALSE,FALSE,FALSE,NA,NA,NA,NA,NA,163,163,163,163,163
tri04236,2020-09-03,2021-08-15,FALSE,FALSE,FALSE,FALSE,FALSE,NA,NA,NA,NA,NA,346,346,346,346,346
tri04400,2020-11-16,2021-08-15,TRUE,TRUE,FALSE,FALSE,TRUE,2021-05-01,2021-05-01,NA,NA,2021-05-01,166,166,272,272,166
tri04415,2021-03-01,2021-08-15,FALSE,FALSE,FALSE,FALSE,FALSE,NA,NA,NA,NA,NA,167,167,167,167,167
tri04419,2020-11-30,2021-08-15,FALSE,FALSE,FALSE,FALSE,FALSE,NA,NA,NA,NA,NA,258,258,258,258,258
tri04420,2021-01-01,2021-08-15,FALSE,FALSE,FALSE,FALSE,FALSE,NA,NA,NA,NA,NA,226,226,226,226,226
tri04428,2021-01-31,2021-08-15,FALSE,FALSE,FALSE,FALSE,FALSE,NA,NA,NA,NA,NA,196,196,196,196,196
tri04434,2021-06-01,2021-08-15,FALSE,FALSE,FALSE,FALSE,FALSE,NA,NA,NA,NA,NA,75,75,75,75,75
tri04523,2020-08-14,2021-08-15,FALSE,FALSE,FALSE,FALSE,FALSE,NA,NA,NA,NA,NA,366,366,366,366,366
tri04526,2020-09-21,2021-08-15,TRUE,FALSE,TRUE,FALSE,TRUE,2021-02-19,NA,2021-02-19,NA,2021-02-19,151,328,151,328,151
tri04563,2020-10-12,2021-08-15,TRUE,TRUE,FALSE,FALSE,TRUE,2021-03-04,2021-03-04,NA,NA,2021-03-04,143,143,307,307,143
tri04568,2020-08-19,2021-08-15,FALSE,FALSE,FALSE,FALSE,FALSE,NA,NA,NA,NA,NA,361,361,361,361,361
tri04578,2020-06-30,2021-08-15,FALSE,FALSE,FALSE,FALSE,FALSE,NA,NA,NA,NA,NA,411,411,411,411,411
tri04605,2020-09-28,2021-08-15,FALSE,FALSE,FALSE,FALSE,FALSE,NA,NA,NA,NA,NA,321,321,321,321,321
tri04622,2020-11-07,2021-08-15,FALSE,FALSE,FALSE,FALSE,FALSE,NA,NA,NA,NA,NA,281,281,281,281,281
tri04628,2020-12-11,2021-08-15,TRUE,TRUE,FALSE,FALSE,TRUE,2021-06-25,2021-06-25,NA,NA,2021-06-25,196,196,247,247,196
tri04638,2020-06-30,2021-08-15,TRUE,TRUE,FALSE,FALSE,TRUE,2021-02-02,2021-02-02,NA,NA,2021-02-02,217,217,411,411,217
tri04641,2020-12-15,2021-08-15,FALSE,FALSE,FALSE,FALSE,FALSE,NA,NA,NA,NA,NA,243,243,243,243,243
tri04643,2020-10-10,2021-08-15,FALSE,FALSE,FALSE,FALSE,FALSE,NA,NA,NA,NA,NA,309,309,309,309,309
tri04647,2020-10-31,2021-08-15,FALSE,FALSE,FALSE,FALSE,FALSE,NA,NA,NA,NA,NA,288,288,288,288,288
tri04650,2020-08-13,2021-08-15,TRUE,FALSE,TRUE,FALSE,TRUE,2021-03-03,NA,2021-03-03,NA,2021-03-03,202,367,202,367,202
tri04659,2020-08-27,2021-08-15,FALSE,FALSE,FALSE,FALSE,FALSE,NA,NA,NA,NA,NA,353,353,353,353,353
tri04660,2020-11-28,2021-08-15,FALSE,FALSE,FALSE,FALSE,FALSE,NA,NA,NA,NA,NA,260,260,260,260,260
tri04698,2020-09-12,2021-08-15,TRUE,TRUE,FALSE,FALSE,TRUE,2021-02-15,2021-02-15,NA,NA,2021-02-15,156,156,337,337,156
tri04704,2020-08-10,2021-08-15,FALSE,FALSE,FALSE,FALSE,FALSE,NA,NA,NA,NA,NA,370,370,370,370,370
tri04735,2020-09-12,2021-08-15,FALSE,FALSE,FALSE,FALSE,FALSE,NA,NA,NA,NA,NA,337,337,337,337,337
tri04760,2020-12-09,2021-08-15,FALSE,FALSE,FALSE,FALSE,FALSE,NA,NA,NA,NA,NA,249,249,249,249,249
tri04766,2020-09-07,2021-08-15,FALSE,FALSE,FALSE,FALSE,FALSE,NA,NA,NA,NA,NA,342,342,342,342,342
tri04809,2021-01-27,2021-08-15,FALSE,FALSE,FALSE,FALSE,FALSE,NA,NA,NA,NA,NA,200,200,200,200,200
tri04818,2020-12-15,2021-08-15,FALSE,FALSE,FALSE,FALSE,FALSE,NA,NA,NA,NA,NA,243,243,243,243,243
tri04828,2020-09-23,2021-08-15,TRUE,TRUE,FALSE,FALSE,TRUE,2020-11-16,2020-11-16,NA,NA,2020-11-16,54,54,326,326,54
tri04829,2020-12-31,2021-08-15,FALSE,FALSE,FALSE,FALSE,FALSE,NA,NA,NA,NA,NA,227,227,227,227,227
tri04853,2020-11-08,2021-08-15,FALSE,FALSE,FALSE,FALSE,FALSE,NA,NA,NA,NA,NA,280,280,280,280,280
tri04902,2021-06-02,2021-08-15,TRUE,FALSE,TRUE,FALSE,TRUE,2021-08-09,NA,2021-08-09,NA,2021-08-09,68,74,68,74,68
tri04931,2020-12-31,2021-08-15,TRUE,FALSE,TRUE,FALSE,TRUE,2021-06-14,NA,2021-06-14,NA,2021-06-14,165,227,165,227,165
tri05076,2021-02-26,2021-08-15,FALSE,FALSE,FALSE,FALSE,FALSE,NA,NA,NA,NA,NA,170,170,170,170,170
tri05083,2021-04-14,2021-08-15,FALSE,FALSE,FALSE,FALSE,FALSE,NA,NA,NA,NA,NA,123,123,123,123,123
tri05179,2021-04-06,2021-08-15,FALSE,FALSE,FALSE,FALSE,FALSE,NA,NA,NA,NA,NA,131,131,131,131,131
tri05203,2021-05-16,2021-08-15,FALSE,FALSE,FALSE,FALSE,FALSE,NA,NA,NA,NA,NA,91,91,91,91,91
tri05213,2021-01-19,2021-08-15,FALSE,FALSE,FALSE,FALSE,FALSE,NA,NA,NA,NA,NA,208,208,208,208,208
tri05347,2020-07-01,2021-08-15,FALSE,FALSE,FALSE,FALSE,FALSE,NA,NA,NA,NA,NA,410,410,410,410,410
tri05351,2020-06-30,2021-08-15,FALSE,FALSE,FALSE,FALSE,FALSE,NA,NA,NA,NA,NA,411,411,411,411,411
tri05354,2020-05-15,2021-08-15,FALSE,FALSE,FALSE,FALSE,FALSE,NA,NA,NA,NA,NA,457,457,457,457,457
tri05356,2020-11-01,2021-08-15,FALSE,FALSE,FALSE,FALSE,FALSE,NA,NA,NA,NA,NA,287,287,287,287,287
tri05378,2021-04-27,2021-08-15,FALSE,FALSE,FALSE,FALSE,FALSE,NA,NA,NA,NA,NA,110,110,110,110,110
tri05386,2021-03-30,2021-08-15,FALSE,FALSE,FALSE,FALSE,FALSE,NA,NA,NA,NA,NA,138,138,138,138,138
tri05408,2020-12-15,2021-08-15,FALSE,FALSE,FALSE,FALSE,FALSE,NA,NA,NA,NA,NA,243,243,243,243,243
tri05461,2020-10-13,2021-08-15,TRUE,FALSE,TRUE,TRUE,TRUE,2021-01-28,NA,2021-01-28,2021-04-30,2021-01-28,107,306,107,199,107
tri05464,2020-12-31,2021-08-15,FALSE,FALSE,FALSE,FALSE,FALSE,NA,NA,NA,NA,NA,227,227,227,227,227
tri05480,2020-12-01,2021-08-15,FALSE,FALSE,FALSE,FALSE,FALSE,NA,NA,NA,NA,NA,257,257,257,257,257
tri05496,2020-08-01,2021-08-15,FALSE,FALSE,FALSE,FALSE,FALSE,NA,NA,NA,NA,NA,379,379,379,379,379
tri05534,2021-03-24,2021-08-15,FALSE,FALSE,FALSE,FALSE,FALSE,NA,NA,NA,NA,NA,144,144,144,144,144
tri05538,2020-07-20,2021-08-15,FALSE,FALSE,FALSE,FALSE,FALSE,NA,NA,NA,NA,NA,391,391,391,391,391
tri05547,2021-04-30,2021-08-15,FALSE,FALSE,FALSE,FALSE,FALSE,NA,NA,NA,NA,NA,107,107,107,107,107
tri05557,2021-01-27,2021-08-15,FALSE,FALSE,FALSE,FALSE,FALSE,NA,NA,NA,NA,NA,200,200,200,200,200
tri05565,2021-06-01,2021-08-15,FALSE,FALSE,FALSE,FALSE,FALSE,NA,NA,NA,NA,NA,75,75,75,75,75
tri05571,2021-01-01,2021-08-15,FALSE,FALSE,FALSE,FALSE,FALSE,NA,NA,NA,NA,NA,226,226,226,226,226
tri05581,2020-11-15,2021-08-15,FALSE,FALSE,FALSE,FALSE,TRUE,NA,NA,NA,NA,2021-03-05,273,273,273,273,110
tri05608,2021-01-28,2021-08-15,FALSE,FALSE,FALSE,FALSE,FALSE,NA,NA,NA,NA,NA,199,199,199,199,199
tri05622,2020-11-16,2021-08-15,FALSE,FALSE,FALSE,FALSE,FALSE,NA,NA,NA,NA,NA,272,272,272,272,272
tri05633,2020-07-15,2021-08-15,FALSE,FALSE,FALSE,FALSE,TRUE,NA,NA,NA,NA,2020-08-04,396,396,396,396,20
tri05638,2021-03-01,2021-08-15,TRUE,TRUE,FALSE,FALSE,TRUE,2021-06-16,2021-06-16,NA,NA,2021-06-16,107,107,167,167,107
tri05646,2020-11-01,2021-08-15,FALSE,FALSE,FALSE,FALSE,FALSE,NA,NA,NA,NA,NA,287,287,287,287,287
tri05654,2020-11-01,2021-08-15,FALSE,FALSE,FALSE,FALSE,FALSE,NA,NA,NA,NA,NA,287,287,287,287,287
tri05655,2021-06-01,2021-08-15,FALSE,FALSE,FALSE,FALSE,FALSE,NA,NA,NA,NA,NA,75,75,75,75,75
tri05660,2020-07-31,2021-08-15,TRUE,TRUE,TRUE,FALSE,TRUE,2020-12-22,2021-03-08,2020-12-22,NA,2020-12-22,144,220,144,380,144
tri05669,2021-01-13,2021-08-15,FALSE,FALSE,FALSE,FALSE,FALSE,NA,NA,NA,NA,NA,214,214,214,214,214
tri05680,2020-05-20,2021-08-15,TRUE,FALSE,TRUE,FALSE,TRUE,2021-06-08,NA,2021-06-08,NA,2021-06-08,384,452,384,452,384
tri05702,2021-03-25,2021-08-15,FALSE,FALSE,FALSE,FALSE,FALSE,NA,NA,NA,NA,NA,143,143,143,143,143
tri05706,2021-06-30,2021-08-15,FALSE,FALSE,FALSE,FALSE,FALSE,NA,NA,NA,NA,NA,46,46,46,46,46
tri05726,2021-06-30,2021-08-15,FALSE,FALSE,FALSE,FALSE,FALSE,NA,NA,NA,NA,NA,46,46,46,46,46
tri05750,2020-12-01,2021-08-15,FALSE,FALSE,FALSE,FALSE,FALSE,NA,NA,NA,NA,NA,257,257,257,257,257
tri05764,2020-08-30,2021-08-15,TRUE,TRUE,TRUE,FALSE,TRUE,2021-01-09,2021-03-20,2021-01-09,NA,2021-01-09,132,202,132,350,132
tri05790,2020-11-30,2021-08-15,TRUE,TRUE,TRUE,TRUE,TRUE,2020-11-23,2021-03-07,2020-11-23,2020-12-11,2020-11-23,-7,97,-7,11,-7
tri05807,2021-02-08,2021-08-15,TRUE,FALSE,TRUE,FALSE,TRUE,2021-04-20,NA,2021-04-20,NA,2021-04-20,71,188,71,188,71
tri05811,2021-04-04,2021-08-15,TRUE,TRUE,FALSE,FALSE,TRUE,2021-03-18,2021-03-18,NA,NA,2021-03-18,-17,-17,133,133,-17
tri05818,2020-10-29,2021-08-15,FALSE,FALSE,FALSE,FALSE,FALSE,NA,NA,NA,NA,NA,290,290,290,290,290
tri05855,2020-05-31,2021-08-15,TRUE,TRUE,TRUE,TRUE,TRUE,2020-08-04,2021-03-30,2020-08-04,2020-08-21,2020-08-04,65,303,65,82,65
tri05877,2020-12-01,2021-08-15,FALSE,FALSE,FALSE,FALSE,FALSE,NA,NA,NA,NA,NA,257,257,257,257,257
tri05885,2020-11-23,2021-08-15,TRUE,TRUE,TRUE,FALSE,TRUE,2021-02-01,2021-04-11,2021-02-01,NA,2021-02-01,70,139,70,265,70
tri05886,2021-04-26,2021-08-15,FALSE,FALSE,FALSE,FALSE,FALSE,NA,NA,NA,NA,NA,111,111,111,111,111
tri05918,2021-01-16,2021-08-15,TRUE,TRUE,FALSE,FALSE,TRUE,2021-06-03,2021-06-03,NA,NA,2021-06-03,138,138,211,211,138
tri05930,2020-10-30,2021-08-15,FALSE,FALSE,FALSE,FALSE,FALSE,NA,NA,NA,NA,NA,289,289,289,289,289
tri05947,2020-07-29,2021-08-15,TRUE,FALSE,TRUE,FALSE,TRUE,2020-10-26,NA,2020-10-26,NA,2020-10-26,89,382,89,382,89
tri05950,2020-08-30,2021-08-15,FALSE,FALSE,FALSE,FALSE,FALSE,NA,NA,NA,NA,NA,350,350,350,350,350
tri05964,2021-04-10,2021-08-15,FALSE,FALSE,FALSE,FALSE,FALSE,NA,NA,NA,NA,NA,127,127,127,127,127
tri05982,2021-01-09,2021-08-15,FALSE,FALSE,FALSE,FALSE,FALSE,NA,NA,NA,NA,NA,218,218,218,218,218
tri06001,2021-06-16,2021-08-15,FALSE,FALSE,FALSE,FALSE,TRUE,NA,NA,NA,NA,2021-05-26,60,60,60,60,-21
tri06014,2021-06-01,2021-08-15,FALSE,FALSE,FALSE,FALSE,FALSE,NA,NA,NA,NA,NA,75,75,75,75,75
tri06047,2021-05-12,2021-08-15,FALSE,FALSE,FALSE,FALSE,FALSE,NA,NA,NA,NA,NA,95,95,95,95,95
tri06069,2020-12-31,2021-08-15,FALSE,FALSE,FALSE,FALSE,FALSE,NA,NA,NA,NA,NA,227,227,227,227,227
tri06087,2020-10-30,2021-08-15,TRUE,FALSE,TRUE,FALSE,TRUE,2021-04-15,NA,2021-04-15,NA,2021-04-15,167,289,167,289,167
tri06088,2020-09-04,2021-08-15,TRUE,TRUE,TRUE,FALSE,TRUE,2021-01-05,2021-06-29,2021-01-05,NA,2021-01-05,123,298,123,345,123
tri06103,2020-08-22,2021-08-15,TRUE,TRUE,FALSE,TRUE,TRUE,2020-10-09,2021-05-13,NA,2020-10-09,2020-10-09,48,264,358,48,48
tri06127,2021-06-30,2021-08-15,FALSE,FALSE,FALSE,FALSE,FALSE,NA,NA,NA,NA,NA,46,46,46,46,46
tri06132,2020-11-30,2021-08-15,FALSE,FALSE,FALSE,FALSE,FALSE,NA,NA,NA,NA,NA,258,258,258,258,258
tri06140,2021-05-01,2021-08-15,TRUE,TRUE,FALSE,FALSE,TRUE,2021-03-24,2021-03-24,NA,NA,2021-03-24,-38,-38,106,106,-38
tri06146,2021-05-01,2021-08-15,FALSE,FALSE,FALSE,FALSE,FALSE,NA,NA,NA,NA,NA,106,106,106,106,106
tri06148,2021-06-30,2021-08-15,FALSE,FALSE,FALSE,FALSE,FALSE,NA,NA,NA,NA,NA,46,46,46,46,46
tri06155,2021-03-31,2021-08-15,FALSE,FALSE,FALSE,FALSE,FALSE,NA,NA,NA,NA,NA,137,137,137,137,137
tri06156,2021-02-22,2021-08-15,TRUE,TRUE,FALSE,FALSE,TRUE,2021-07-02,2021-07-02,NA,NA,2021-07-02,130,130,174,174,130
tri06157,2020-11-25,2021-08-15,TRUE,TRUE,FALSE,FALSE,TRUE,2021-08-14,2021-08-14,NA,NA,2021-08-14,262,262,263,263,262
tri06159,2021-05-01,2021-08-15,FALSE,FALSE,FALSE,FALSE,TRUE,NA,NA,NA,NA,2021-02-02,106,106,106,106,-88
tri06160,2021-04-01,2021-08-15,FALSE,FALSE,FALSE,FALSE,FALSE,NA,NA,NA,NA,NA,136,136,136,136,136
tri06161,2020-07-08,2021-08-15,TRUE,FALSE,TRUE,FALSE,TRUE,2021-05-21,NA,2021-05-21,NA,2021-05-21,317,403,317,403,317
tri06167,2020-10-30,2021-08-15,FALSE,FALSE,FALSE,FALSE,FALSE,NA,NA,NA,NA,NA,289,289,289,289,289
tri06169,2021-06-10,2021-08-15,FALSE,FALSE,FALSE,FALSE,FALSE,NA,NA,NA,NA,NA,66,66,66,66,66
tri06187,2021-06-01,2021-08-15,FALSE,FALSE,FALSE,FALSE,FALSE,NA,NA,NA,NA,NA,75,75,75,75,75
tri06189,2021-06-08,2021-08-15,FALSE,FALSE,FALSE,FALSE,FALSE,NA,NA,NA,NA,NA,68,68,68,68,68
tri06191,2020-09-30,2021-08-15,FALSE,FALSE,FALSE,FALSE,TRUE,NA,NA,NA,NA,2021-03-03,319,319,319,319,154
tri06203,2020-12-30,2021-08-15,TRUE,FALSE,TRUE,FALSE,TRUE,2020-09-07,NA,2020-09-07,NA,2020-09-07,-114,228,-114,228,-114
tri06211,2021-05-01,2021-08-15,FALSE,FALSE,FALSE,FALSE,FALSE,NA,NA,NA,NA,NA,106,106,106,106,106
tri06215,2021-04-01,2021-08-15,FALSE,FALSE,FALSE,FALSE,FALSE,NA,NA,NA,NA,NA,136,136,136,136,136
tri06219,2020-12-01,2021-08-15,FALSE,FALSE,FALSE,FALSE,FALSE,NA,NA,NA,NA,NA,257,257,257,257,257
tri06232,2021-06-25,2021-08-15,FALSE,FALSE,FALSE,FALSE,FALSE,NA,NA,NA,NA,NA,51,51,51,51,51
tri06240,2021-06-30,2021-08-15,FALSE,FALSE,FALSE,FALSE,FALSE,NA,NA,NA,NA,NA,46,46,46,46,46
tri06250,2021-05-30,2021-08-15,FALSE,FALSE,FALSE,FALSE,FALSE,NA,NA,NA,NA,NA,77,77,77,77,77
tri06252,2020-09-01,2021-08-15,TRUE,TRUE,FALSE,FALSE,TRUE,2020-12-03,2020-12-03,NA,NA,2020-12-03,93,93,348,348,93
tri06256,2021-05-01,2021-08-15,FALSE,FALSE,FALSE,FALSE,FALSE,NA,NA,NA,NA,NA,106,106,106,106,106
tri06266,2021-05-31,2021-08-15,FALSE,FALSE,FALSE,FALSE,FALSE,NA,NA,NA,NA,NA,76,76,76,76,76
tri06271,2020-08-10,2021-08-15,TRUE,TRUE,FALSE,TRUE,TRUE,2020-09-28,2020-09-28,NA,2020-11-05,2020-09-28,49,49,370,87,49
tri06277,2020-09-02,2021-08-15,FALSE,FALSE,FALSE,FALSE,FALSE,NA,NA,NA,NA,NA,347,347,347,347,347
tri06299,2021-02-04,2021-08-15,FALSE,FALSE,FALSE,FALSE,FALSE,NA,NA,NA,NA,NA,192,192,192,192,192
tri06305,2021-01-07,2021-08-15,TRUE,TRUE,FALSE,FALSE,TRUE,2021-08-12,2021-08-12,NA,NA,2021-08-12,217,217,220,220,217
tri06316,2020-10-20,2021-08-15,TRUE,TRUE,FALSE,FALSE,TRUE,2021-05-18,2021-05-18,NA,NA,2021-05-18,210,210,299,299,210
tri06329,2020-11-01,2021-08-15,FALSE,FALSE,FALSE,FALSE,FALSE,NA,NA,NA,NA,NA,287,287,287,287,287
tri06332,2021-01-25,2021-08-15,FALSE,FALSE,FALSE,FALSE,FALSE,NA,NA,NA,NA,NA,202,202,202,202,202
tri06336,2020-08-20,2021-08-15,TRUE,TRUE,TRUE,FALSE,TRUE,2020-10-23,2021-01-14,2020-10-23,NA,2020-10-23,64,147,64,360,64
tri06339,2020-11-04,2021-08-15,FALSE,FALSE,FALSE,FALSE,FALSE,NA,NA,NA,NA,NA,284,284,284,284,284
tri06362,2021-01-30,2021-08-15,FALSE,FALSE,FALSE,FALSE,FALSE,NA,NA,NA,NA,NA,197,197,197,197,197
tri06372,2020-09-30,2021-08-15,FALSE,FALSE,FALSE,FALSE,FALSE,NA,NA,NA,NA,NA,319,319,319,319,319
tri06396,2020-10-02,2021-08-15,FALSE,FALSE,FALSE,FALSE,FALSE,NA,NA,NA,NA,NA,317,317,317,317,317
tri06431,2020-12-01,2021-08-15,FALSE,FALSE,FALSE,FALSE,FALSE,NA,NA,NA,NA,NA,257,257,257,257,257
tri06468,2021-01-31,2021-08-15,TRUE,TRUE,TRUE,FALSE,TRUE,2020-10-05,2021-06-28,2020-10-05,NA,2020-10-05,-118,148,-118,196,-118
tri06495,2021-03-28,2021-08-15,TRUE,TRUE,FALSE,FALSE,TRUE,2021-06-08,2021-06-08,NA,NA,2021-06-08,72,72,140,140,72
tri06498,2020-12-01,2021-08-15,FALSE,FALSE,FALSE,FALSE,FALSE,NA,NA,NA,NA,NA,257,257,257,257,257
tri06507,2021-06-30,2021-08-15,FALSE,FALSE,FALSE,FALSE,FALSE,NA,NA,NA,NA,NA,46,46,46,46,46
tri06527,2021-06-30,2021-08-15,FALSE,FALSE,FALSE,FALSE,FALSE,NA,NA,NA,NA,NA,46,46,46,46,46
tri06533,2021-02-15,2021-08-15,FALSE,FALSE,FALSE,FALSE,TRUE,NA,NA,NA,NA,2021-07-08,181,181,181,181,143
tri06559,2021-04-28,2021-08-15,FALSE,FALSE,FALSE,FALSE,FALSE,NA,NA,NA,NA,NA,109,109,109,109,109
tri06561,2021-03-30,2021-08-15,FALSE,FALSE,FALSE,FALSE,FALSE,NA,NA,NA,NA,NA,138,138,138,138,138
tri06592,2020-09-30,2021-08-15,TRUE,TRUE,TRUE,FALSE,TRUE,2020-10-27,2021-06-29,2020-10-27,NA,2020-10-27,27,272,27,319,27
tri06642,2021-04-29,2021-08-15,FALSE,FALSE,FALSE,FALSE,FALSE,NA,NA,NA,NA,NA,108,108,108,108,108
tri06651,2021-06-01,2021-08-15,FALSE,FALSE,FALSE,FALSE,FALSE,NA,NA,NA,NA,NA,75,75,75,75,75
tri06655,2020-12-01,2021-08-15,FALSE,FALSE,FALSE,FALSE,TRUE,NA,NA,NA,NA,2021-03-15,257,257,257,257,104
tri06671,2020-06-30,2021-08-15,TRUE,TRUE,FALSE,FALSE,TRUE,2020-11-10,2020-11-10,NA,NA,2020-11-10,133,133,411,411,133
tri06675,2021-06-01,2021-08-15,FALSE,FALSE,FALSE,FALSE,FALSE,NA,NA,NA,NA,NA,75,75,75,75,75
tri06679,2021-06-29,2021-08-15,FALSE,FALSE,FALSE,FALSE,FALSE,NA,NA,NA,NA,NA,47,47,47,47,47
tri06681,2021-05-31,2021-08-15,FALSE,FALSE,FALSE,FALSE,FALSE,NA,NA,NA,NA,NA,76,76,76,76,76
tri06694,2021-06-30,2021-08-15,FALSE,FALSE,FALSE,FALSE,FALSE,NA,NA,NA,NA,NA,46,46,46,46,46
tri06699,2021-05-06,2021-08-15,FALSE,FALSE,FALSE,FALSE,FALSE,NA,NA,NA,NA,NA,101,101,101,101,101
tri06704,2021-05-01,2021-08-15,FALSE,FALSE,FALSE,FALSE,FALSE,NA,NA,NA,NA,NA,106,106,106,106,106
tri06718,2021-03-15,2021-08-15,FALSE,FALSE,FALSE,FALSE,FALSE,NA,NA,NA,NA,NA,153,153,153,153,153
tri06727,2021-02-19,2021-08-15,FALSE,FALSE,FALSE,FALSE,FALSE,NA,NA,NA,NA,NA,177,177,177,177,177
tri06729,2021-06-30,2021-08-15,FALSE,FALSE,FALSE,FALSE,FALSE,NA,NA,NA,NA,NA,46,46,46,46,46
tri06779,2021-06-15,2021-08-15,FALSE,FALSE,FALSE,FALSE,FALSE,NA,NA,NA,NA,NA,61,61,61,61,61
tri06780,2021-03-31,2021-08-15,FALSE,FALSE,FALSE,FALSE,FALSE,NA,NA,NA,NA,NA,137,137,137,137,137
tri06787,2021-06-01,2021-08-15,FALSE,FALSE,FALSE,FALSE,FALSE,NA,NA,NA,NA,NA,75,75,75,75,75
tri06789,2020-12-12,2021-08-15,FALSE,FALSE,FALSE,FALSE,FALSE,NA,NA,NA,NA,NA,246,246,246,246,246
tri06795,2020-12-01,2021-08-15,FALSE,FALSE,FALSE,FALSE,FALSE,NA,NA,NA,NA,NA,257,257,257,257,257
tri06815,2020-07-09,2021-08-15,FALSE,FALSE,FALSE,FALSE,FALSE,NA,NA,NA,NA,NA,402,402,402,402,402
tri06817,2021-05-01,2021-08-15,FALSE,FALSE,FALSE,FALSE,FALSE,NA,NA,NA,NA,NA,106,106,106,106,106
tri06823,2021-05-30,2021-08-15,FALSE,FALSE,FALSE,FALSE,FALSE,NA,NA,NA,NA,NA,77,77,77,77,77
tri06856,2021-02-01,2021-08-15,FALSE,FALSE,FALSE,FALSE,FALSE,NA,NA,NA,NA,NA,195,195,195,195,195
tri06864,2021-04-01,2021-08-15,FALSE,FALSE,FALSE,FALSE,FALSE,NA,NA,NA,NA,NA,136,136,136,136,136
tri06870,2021-04-30,2021-08-15,FALSE,FALSE,FALSE,FALSE,FALSE,NA,NA,NA,NA,NA,107,107,107,107,107
tri06887,2021-04-18,2021-08-15,FALSE,FALSE,FALSE,FALSE,FALSE,NA,NA,NA,NA,NA,119,119,119,119,119
tri06890,2021-06-28,2021-08-15,FALSE,FALSE,FALSE,FALSE,FALSE,NA,NA,NA,NA,NA,48,48,48,48,48
tri06892,2021-02-18,2021-08-15,FALSE,FALSE,FALSE,FALSE,FALSE,NA,NA,NA,NA,NA,178,178,178,178,178
tri06896,2021-01-08,2021-08-15,TRUE,FALSE,TRUE,FALSE,TRUE,2021-07-02,NA,2021-07-02,NA,2021-07-02,175,219,175,219,175
tri06918,2021-06-27,2021-08-15,FALSE,FALSE,FALSE,FALSE,FALSE,NA,NA,NA,NA,NA,49,49,49,49,49
tri06937,2021-05-31,2021-08-15,FALSE,FALSE,FALSE,FALSE,FALSE,NA,NA,NA,NA,NA,76,76,76,76,76
tri06952,2020-12-17,2021-08-15,TRUE,FALSE,TRUE,FALSE,TRUE,2021-04-14,NA,2021-04-14,NA,2021-04-14,118,241,118,241,118
tri06955,2020-10-22,2021-08-15,FALSE,FALSE,FALSE,FALSE,TRUE,NA,NA,NA,NA,2020-12-22,297,297,297,297,61
tri06956,2021-03-26,2021-08-15,FALSE,FALSE,FALSE,FALSE,FALSE,NA,NA,NA,NA,NA,142,142,142,142,142
tri06971,2020-12-21,2021-08-15,FALSE,FALSE,FALSE,FALSE,FALSE,NA,NA,NA,NA,NA,237,237,237,237,237
tri06972,2021-04-01,2021-08-15,FALSE,FALSE,FALSE,FALSE,FALSE,NA,NA,NA,NA,NA,136,136,136,136,136
tri06976,2021-05-06,2021-08-15,FALSE,FALSE,FALSE,FALSE,FALSE,NA,NA,NA,NA,NA,101,101,101,101,101
tri06977,2021-03-10,2021-08-15,FALSE,FALSE,FALSE,FALSE,FALSE,NA,NA,NA,NA,NA,158,158,158,158,158
tri06979,2021-01-22,2021-08-15,FALSE,FALSE,FALSE,FALSE,TRUE,NA,NA,NA,NA,2021-06-10,205,205,205,205,139
tri06983,2021-03-05,2021-08-15,FALSE,FALSE,FALSE,FALSE,FALSE,NA,NA,NA,NA,NA,163,163,163,163,163
tri06988,2021-04-30,2021-08-15,FALSE,FALSE,FALSE,FALSE,FALSE,NA,NA,NA,NA,NA,107,107,107,107,107
tri06998,2021-02-26,2021-08-15,FALSE,FALSE,FALSE,FALSE,FALSE,NA,NA,NA,NA,NA,170,170,170,170,170
tri07001,2021-04-08,2021-08-15,FALSE,FALSE,FALSE,FALSE,TRUE,NA,NA,NA,NA,2021-05-28,129,129,129,129,50
tri07005,2021-04-01,2021-08-15,FALSE,FALSE,FALSE,FALSE,FALSE,NA,NA,NA,NA,NA,136,136,136,136,136
tri07015,2021-03-28,2021-08-15,FALSE,FALSE,FALSE,FALSE,FALSE,NA,NA,NA,NA,NA,140,140,140,140,140
tri07030,2021-03-31,2021-08-15,FALSE,FALSE,FALSE,FALSE,FALSE,NA,NA,NA,NA,NA,137,137,137,137,137
tri07034,2021-02-01,2021-08-15,FALSE,FALSE,FALSE,FALSE,FALSE,NA,NA,NA,NA,NA,195,195,195,195,195
tri07043,2021-03-01,2021-08-15,FALSE,FALSE,FALSE,FALSE,FALSE,NA,NA,NA,NA,NA,167,167,167,167,167
tri07046,2021-03-24,2021-08-15,FALSE,FALSE,FALSE,FALSE,FALSE,NA,NA,NA,NA,NA,144,144,144,144,144
tri07058,2021-05-05,2021-08-15,FALSE,FALSE,FALSE,FALSE,FALSE,NA,NA,NA,NA,NA,102,102,102,102,102
tri07059,2021-04-07,2021-08-15,FALSE,FALSE,FALSE,FALSE,FALSE,NA,NA,NA,NA,NA,130,130,130,130,130
tri07070,2021-05-22,2021-08-15,FALSE,FALSE,FALSE,FALSE,FALSE,NA,NA,NA,NA,NA,85,85,85,85,85
tri07082,2020-12-01,2021-08-15,FALSE,FALSE,FALSE,FALSE,FALSE,NA,NA,NA,NA,NA,257,257,257,257,257
tri07109,2021-04-16,2021-08-15,FALSE,FALSE,FALSE,FALSE,FALSE,NA,NA,NA,NA,NA,121,121,121,121,121
tri07126,2021-04-30,2021-08-15,FALSE,FALSE,FALSE,FALSE,FALSE,NA,NA,NA,NA,NA,107,107,107,107,107
tri07128,2021-04-02,2021-08-15,FALSE,FALSE,FALSE,FALSE,FALSE,NA,NA,NA,NA,NA,135,135,135,135,135
tri07134,2021-04-18,2021-08-15,FALSE,FALSE,FALSE,FALSE,FALSE,NA,NA,NA,NA,NA,119,119,119,119,119
tri07141,2021-03-26,2021-08-15,FALSE,FALSE,FALSE,FALSE,FALSE,NA,NA,NA,NA,NA,142,142,142,142,142
tri07216,2021-03-04,2021-08-15,FALSE,FALSE,FALSE,FALSE,FALSE,NA,NA,NA,NA,NA,164,164,164,164,164
tri07288,2021-05-01,2021-08-15,FALSE,FALSE,FALSE,FALSE,FALSE,NA,NA,NA,NA,NA,106,106,106,106,106
tri07376,2021-05-25,2021-08-15,FALSE,FALSE,FALSE,FALSE,FALSE,NA,NA,NA,NA,NA,82,82,82,82,82
tri07390,2021-05-01,2021-08-15,FALSE,FALSE,FALSE,FALSE,FALSE,NA,NA,NA,NA,NA,106,106,106,106,106
tri07402,2021-03-21,2021-08-15,FALSE,FALSE,FALSE,FALSE,FALSE,NA,NA,NA,NA,NA,147,147,147,147,147
tri07423,2021-06-17,2021-08-15,TRUE,FALSE,TRUE,FALSE,TRUE,2021-07-24,NA,2021-07-24,NA,2021-07-24,37,59,37,59,37
tri07452,2021-03-30,2021-08-15,TRUE,FALSE,FALSE,TRUE,TRUE,2021-05-13,NA,NA,2021-05-13,2021-05-13,44,138,138,44,44
tri07580,2021-05-30,2021-08-15,TRUE,FALSE,TRUE,FALSE,TRUE,2021-07-29,NA,2021-07-29,NA,2021-07-29,60,77,60,77,60
tri07591,2021-04-30,2021-08-15,FALSE,FALSE,FALSE,FALSE,FALSE,NA,NA,NA,NA,NA,107,107,107,107,107
tri07601,2021-02-28,2021-08-15,FALSE,FALSE,FALSE,FALSE,FALSE,NA,NA,NA,NA,NA,168,168,168,168,168
tri07614,2021-01-31,2021-08-15,FALSE,FALSE,FALSE,FALSE,FALSE,NA,NA,NA,NA,NA,196,196,196,196,196
tri07629,2021-04-01,2021-08-15,FALSE,FALSE,FALSE,FALSE,FALSE,NA,NA,NA,NA,NA,136,136,136,136,136
tri07630,2021-06-01,2021-08-15,FALSE,FALSE,FALSE,FALSE,FALSE,NA,NA,NA,NA,NA,75,75,75,75,75
tri07637,2021-03-01,2021-08-15,FALSE,FALSE,FALSE,FALSE,FALSE,NA,NA,NA,NA,NA,167,167,167,167,167
tri07638,2021-06-30,2021-08-15,FALSE,FALSE,FALSE,FALSE,FALSE,NA,NA,NA,NA,NA,46,46,46,46,46
tri07654,2020-09-15,2021-08-15,TRUE,TRUE,FALSE,FALSE,TRUE,2021-02-01,2021-02-01,NA,NA,2021-02-01,139,139,334,334,139
tri07686,2021-05-20,2021-08-15,FALSE,FALSE,FALSE,FALSE,FALSE,NA,NA,NA,NA,NA,87,87,87,87,87
tri07753,2021-01-31,2021-08-15,FALSE,FALSE,FALSE,FALSE,FALSE,NA,NA,NA,NA,NA,196,196,196,196,196
tri07768,2020-08-01,2021-08-15,TRUE,FALSE,TRUE,FALSE,TRUE,2021-07-06,NA,2021-07-06,NA,2021-07-06,339,379,339,379,339
tri07790,2020-12-30,2021-08-15,FALSE,FALSE,FALSE,FALSE,FALSE,NA,NA,NA,NA,NA,228,228,228,228,228
tri07809,2020-12-21,2021-08-15,FALSE,FALSE,FALSE,FALSE,FALSE,NA,NA,NA,NA,NA,237,237,237,237,237
tri07899,2021-06-30,2021-08-15,TRUE,FALSE,TRUE,FALSE,TRUE,2021-04-08,NA,2021-04-08,NA,2021-04-08,-83,46,-83,46,-83
tri07919,2021-05-01,2021-08-15,FALSE,FALSE,FALSE,FALSE,FALSE,NA,NA,NA,NA,NA,106,106,106,106,106
tri07950,2020-12-18,2021-08-15,TRUE,FALSE,TRUE,FALSE,TRUE,2021-03-30,NA,2021-03-30,NA,2021-03-30,102,240,102,240,102
tri07952,2021-06-30,2021-08-15,FALSE,FALSE,FALSE,FALSE,FALSE,NA,NA,NA,NA,NA,46,46,46,46,46
tri07959,2020-12-10,2021-08-15,FALSE,FALSE,FALSE,FALSE,FALSE,NA,NA,NA,NA,NA,248,248,248,248,248
tri07960,2021-02-28,2021-08-15,FALSE,FALSE,FALSE,FALSE,FALSE,NA,NA,NA,NA,NA,168,168,168,168,168
tri07965,2021-06-30,2021-08-15,FALSE,FALSE,FALSE,FALSE,FALSE,NA,NA,NA,NA,NA,46,46,46,46,46
tri08055,2020-11-15,2021-08-15,FALSE,FALSE,FALSE,FALSE,FALSE,NA,NA,NA,NA,NA,273,273,273,273,273
tri08114,2020-12-19,2021-08-15,FALSE,FALSE,FALSE,FALSE,FALSE,NA,NA,NA,NA,NA,239,239,239,239,239
tri08147,2021-02-20,2021-08-15,TRUE,TRUE,FALSE,FALSE,TRUE,2021-06-15,2021-06-15,NA,NA,2021-06-15,115,115,176,176,115
tri08159,2021-03-10,2021-08-15,FALSE,FALSE,FALSE,FALSE,FALSE,NA,NA,NA,NA,NA,158,158,158,158,158
tri08164,2021-06-01,2021-08-15,FALSE,FALSE,FALSE,FALSE,FALSE,NA,NA,NA,NA,NA,75,75,75,75,75
tri08274,2021-01-30,2021-08-15,FALSE,FALSE,FALSE,FALSE,FALSE,NA,NA,NA,NA,NA,197,197,197,197,197
tri08276,2021-03-31,2021-08-15,TRUE,FALSE,TRUE,FALSE,TRUE,2021-05-18,NA,2021-05-18,NA,2021-05-18,48,137,48,137,48
tri08279,2021-06-02,2021-08-15,FALSE,FALSE,FALSE,FALSE,TRUE,NA,NA,NA,NA,2021-08-08,74,74,74,74,67
tri08350,2020-07-21,2021-08-15,TRUE,FALSE,TRUE,FALSE,TRUE,2021-04-04,NA,2021-04-04,NA,2021-04-04,257,390,257,390,257
tri08351,2021-02-28,2021-08-15,FALSE,FALSE,FALSE,FALSE,FALSE,NA,NA,NA,NA,NA,168,168,168,168,168
tri08355,2021-05-25,2021-08-15,FALSE,FALSE,FALSE,FALSE,FALSE,NA,NA,NA,NA,NA,82,82,82,82,82
tri08411,2021-04-30,2021-08-15,FALSE,FALSE,FALSE,FALSE,FALSE,NA,NA,NA,NA,NA,107,107,107,107,107
tri08418,2021-03-10,2021-08-15,TRUE,TRUE,FALSE,FALSE,TRUE,2021-08-11,2021-08-11,NA,NA,2021-08-11,154,154,158,158,154
tri08434,2021-03-31,2021-08-15,FALSE,FALSE,FALSE,FALSE,FALSE,NA,NA,NA,NA,NA,137,137,137,137,137
tri08436,2021-03-31,2021-08-15,FALSE,FALSE,FALSE,FALSE,FALSE,NA,NA,NA,NA,NA,137,137,137,137,137
tri08464,2021-05-01,2021-08-15,FALSE,FALSE,FALSE,FALSE,FALSE,NA,NA,NA,NA,NA,106,106,106,106,106
tri08473,2021-05-30,2021-08-15,FALSE,FALSE,FALSE,FALSE,FALSE,NA,NA,NA,NA,NA,77,77,77,77,77
tri08475,2021-06-30,2021-08-15,FALSE,FALSE,FALSE,FALSE,FALSE,NA,NA,NA,NA,NA,46,46,46,46,46
tri08505,2021-06-30,2021-08-15,FALSE,FALSE,FALSE,FALSE,FALSE,NA,NA,NA,NA,NA,46,46,46,46,46
tri08537,2021-05-31,2021-08-15,FALSE,FALSE,FALSE,FALSE,FALSE,NA,NA,NA,NA,NA,76,76,76,76,76
tri08544,2021-06-30,2021-08-15,FALSE,FALSE,FALSE,FALSE,FALSE,NA,NA,NA,NA,NA,46,46,46,46,46
tri08632,2020-08-01,2021-08-15,FALSE,FALSE,FALSE,FALSE,FALSE,NA,NA,NA,NA,NA,379,379,379,379,379
tri08762,2020-12-20,2021-08-15,TRUE,FALSE,TRUE,FALSE,TRUE,2021-03-30,NA,2021-03-30,NA,2021-03-30,100,238,100,238,100
tri08780,2021-05-01,2021-08-15,TRUE,FALSE,TRUE,FALSE,TRUE,2021-07-10,NA,2021-07-10,NA,2021-07-10,70,106,70,106,70
tri08804,2021-02-09,2021-08-15,TRUE,FALSE,TRUE,FALSE,TRUE,2021-06-04,NA,2021-06-04,NA,2021-06-04,115,187,115,187,115
tri08864,2021-05-16,2021-08-15,FALSE,FALSE,FALSE,FALSE,FALSE,NA,NA,NA,NA,NA,91,91,91,91,91
tri08872,2021-05-20,2021-08-15,TRUE,TRUE,TRUE,FALSE,TRUE,2021-05-27,2021-06-25,2021-05-27,NA,2021-05-27,7,36,7,87,7
tri08954,2021-05-01,2021-08-15,FALSE,FALSE,FALSE,FALSE,FALSE,NA,NA,NA,NA,NA,106,106,106,106,106
tri09132,2021-06-30,2021-08-15,FALSE,FALSE,FALSE,FALSE,FALSE,NA,NA,NA,NA,NA,46,46,46,46,46
tri09148,2021-05-01,2021-08-15,FALSE,FALSE,FALSE,FALSE,FALSE,NA,NA,NA,NA,NA,106,106,106,106,106
tri09159,2020-09-30,2021-08-15,FALSE,FALSE,FALSE,FALSE,FALSE,NA,NA,NA,NA,NA,319,319,319,319,319
tri09190,2021-05-30,2021-08-15,FALSE,FALSE,FALSE,FALSE,FALSE,NA,NA,NA,NA,NA,77,77,77,77,77
tri09448,2021-06-09,2021-08-15,FALSE,FALSE,FALSE,FALSE,FALSE,NA,NA,NA,NA,NA,67,67,67,67,67
tri09580,2021-05-17,2021-08-15,FALSE,FALSE,FALSE,FALSE,FALSE,NA,NA,NA,NA,NA,90,90,90,90,90
tri09585,2021-06-02,2021-08-15,FALSE,FALSE,FALSE,FALSE,FALSE,NA,NA,NA,NA,NA,74,74,74,74,74
tri09589,2021-06-01,2021-08-15,FALSE,FALSE,FALSE,FALSE,FALSE,NA,NA,NA,NA,NA,75,75,75,75,75
tri09595,2021-06-30,2021-08-15,FALSE,FALSE,FALSE,FALSE,FALSE,NA,NA,NA,NA,NA,46,46,46,46,46
tri09750,2021-06-30,2021-08-15,FALSE,FALSE,FALSE,FALSE,FALSE,NA,NA,NA,NA,NA,46,46,46,46,46
tri10016,2021-06-30,2021-08-15,FALSE,FALSE,FALSE,FALSE,FALSE,NA,NA,NA,NA,NA,46,46,46,46,46
tri10029,2020-11-20,2021-08-15,TRUE,FALSE,TRUE,FALSE,TRUE,2021-07-15,NA,2021-07-15,NA,2021-07-15,237,268,237,268,237
tri10070,2021-05-31,2021-08-15,FALSE,FALSE,FALSE,FALSE,FALSE,NA,NA,NA,NA,NA,76,76,76,76,76
tri10119,2021-06-09,2021-08-15,FALSE,FALSE,FALSE,FALSE,FALSE,NA,NA,NA,NA,NA,67,67,67,67,67
tri10121,2021-06-30,2021-08-15,FALSE,FALSE,FALSE,FALSE,FALSE,NA,NA,NA,NA,NA,46,46,46,46,46
tri10125,2021-06-29,2021-08-15,FALSE,FALSE,FALSE,FALSE,FALSE,NA,NA,NA,NA,NA,47,47,47,47,47
tri10131,2021-04-15,2021-08-15,TRUE,FALSE,TRUE,TRUE,TRUE,2021-06-22,NA,2021-06-22,2021-06-23,2021-06-22,68,122,68,69,68
tri10157,2021-06-25,2021-08-15,FALSE,FALSE,FALSE,FALSE,FALSE,NA,NA,NA,NA,NA,51,51,51,51,51
tri10174,2021-06-18,2021-08-15,FALSE,FALSE,FALSE,FALSE,FALSE,NA,NA,NA,NA,NA,58,58,58,58,58
tri10177,2021-06-01,2021-08-15,FALSE,FALSE,FALSE,FALSE,FALSE,NA,NA,NA,NA,NA,75,75,75,75,75
